episode,steps,X,Y,yaw,steer,throttle,action,reward,done,all_wheels_on_track,progress,closest_waypoint,track_len,tstamp,episode_status,pause_duration,obstacle_crash_counter
40,1.0,3.1999363290838656,0.6830610551825638,0.1513318512609945,-4.163973325582692,2.3213332563283107,[-4.163973325582692 2.3213332563283107],0.0,False,True,0.7916999126808778,1,17.709159380834848,90.141,prepare,0.0,0
40,2.0,3.1997327938476237,0.6831032114197831,0.18326595495146542,6.210380928192357,1.0,[6.210380928192357 1.0],2.2363431423796936,False,True,0.7905513581379284,1,17.709159380834848,90.209,in_progress,0.0,0
40,3.0,3.206269623792775,0.6839887547482505,0.3988916811775053,-22.945055658459594,1.0,[-22.945055658459594 1.0],2.226331208659566,False,True,0.8274793051646884,1,17.709159380834848,90.283,in_progress,0.0,0
40,4.0,3.226526788052884,0.6823587034515657,-0.012885402617010254,-14.467359486558927,4.0,[-14.467359486558927 4.0],2.6945410106571757,False,True,0.941845023217925,1,17.709159380834848,90.354,in_progress,0.0,0
40,5.0,3.2604621948407733,0.6676718737443927,-3.586308549543019,30.0,2.9051298217548585,[30.0 2.9051298217548585],2.433837379877634,False,True,1.1333440985957366,1,17.709159380834848,90.421,in_progress,0.0,0
40,6.0,3.300805458819756,0.6575539932426124,-5.372168109689717,0.2859019371962326,4.0,[0.2859019371962326 4.0],2.459733566989456,False,True,1.3610664986032095,2,17.709159380834848,90.484,in_progress,0.0,0
40,7.0,3.3550105274286794,0.6549152598773559,-4.876463375199996,10.906081739778024,4.0,[10.906081739778024 4.0],2.4823722603523253,False,True,1.667128255066884,2,17.709159380834848,90.553,in_progress,0.0,0
40,8.0,3.426815720080606,0.6476110693308331,-5.056029562596449,30.0,1.0,[30.0 1.0],2.0161923396090593,False,True,2.072792262318973,2,17.709159380834848,90.621,in_progress,0.0,0
40,9.0,3.5095880103690833,0.6492850477594598,-3.375715423121628,0.946010481301137,1.0,[0.946010481301137 1.0],2.09532577400337,False,True,2.5401654601412247,3,17.709159380834848,90.68,in_progress,0.0,0
40,10.0,3.575413894590868,0.6530112607211359,-1.5705078913395325,21.780747589373057,3.781204854076833,[21.780747589373057 3.781204854076833],2.607814671130691,False,True,2.911879056441422,3,17.709159380834848,90.759,in_progress,0.0,0
40,11.0,3.667423579446247,0.6592615210490403,0.6533841996623042,-21.957716300571896,1.7648145853483106,[-21.957716300571896 1.7648145853483106],2.246007063572965,False,True,3.4314558368091297,4,17.709159380834848,90.815,in_progress,0.0,0
40,12.0,3.7445152389967022,0.6653400417793418,2.0618845037143108,16.1581468356844,3.571213732471757,[16.1581468356844 3.571213732471757],2.592103674617072,False,True,3.866789463842616,5,17.709159380834848,90.895,in_progress,0.0,0
40,13.0,3.85869251761099,0.6694628875787363,2.6383694566496168,-0.8428810177708321,2.7670021142626435,[-0.8428810177708321 2.7670021142626435],2.3932807825602223,False,True,4.51153590853043,5,17.709159380834848,90.952,in_progress,0.0,0
40,14.0,3.9644469672758853,0.679871372081476,3.710374547124132,15.027462434136346,1.0,[15.027462434136346 1.0],2.2252096686042715,False,True,5.108730067167533,6,17.709159380834848,91.017,in_progress,0.0,0
40,15.0,4.070414684782704,0.6896613760255523,4.016552956832634,-30.0,1.4052814043171846,[-30.0 1.4052814043171846],2.2440477595079824,False,True,5.707127260410892,7,17.709159380834848,91.089,in_progress,0.0,0
40,16.0,4.1845377654023155,0.6977511292776276,3.9223184456000015,18.72150089118189,3.2032213987514337,[18.72150089118189 3.2032213987514337],2.51350737751932,False,True,6.351573281474884,8,17.709159380834848,91.154,in_progress,0.0,0
40,17.0,4.290151672696829,0.6973006622071724,2.5332273508406837,11.66749222608702,1.445429468560805,[11.66749222608702 1.445429468560805],2.3176183018759584,False,True,6.947952923098104,8,17.709159380834848,91.215,in_progress,0.0,0
40,18.0,4.399648167113563,0.711468073747819,4.381956262726469,0.32935378703379214,1.436371630470826,[0.32935378703379214 1.436371630470826],2.2017258079090958,False,True,7.566285953469764,9,17.709159380834848,91.284,in_progress,0.0,0
40,19.0,4.5108820606805,0.7305526990142688,6.5263773534730065,-4.978836483848937,1.0,[-4.978836483848937 1.0],2.0609260640906593,False,True,8.194438653905294,10,17.709159380834848,91.358,in_progress,0.0,0
40,20.0,4.613460993757725,0.7397176252562316,6.050705247967894,-12.614869230161133,2.6136812419514044,[-12.614869230161133 2.6136812419514044],2.199531970022196,False,True,8.77370304057748,10,17.709159380834848,91.424,in_progress,0.0,0
40,21.0,4.708069419541343,0.7462695080232346,5.2781221379882695,30.0,3.127841413550328,[30.0 3.127841413550328],2.358991192862612,False,True,9.307957061443018,11,17.709159380834848,91.489,in_progress,0.0,0
40,22.0,4.820099423931268,0.7597119514500772,6.112950140061794,-30.0,1.7424133457432478,[-30.0 1.7424133457432478],2.057654780475362,False,True,9.940596728784303,12,17.709159380834848,91.545,in_progress,0.0,0
40,23.0,4.924757366432265,0.7820210840735868,9.051855077594215,-30.0,1.3365304902790918,[-30.0 1.3365304902790918],1.8914676397222796,False,True,10.531629449376826,12,17.709159380834848,91.613,in_progress,0.0,0
40,24.0,5.035931610559259,0.7955854026008146,8.378807081469759,-30.0,4.0,[-30.0 4.0],2.328274599140497,False,True,11.159414378842564,13,17.709159380834848,91.683,in_progress,0.0,0
40,25.0,5.151445701747228,0.8003189370267441,5.7722580303627655,-4.123034160501319,1.0,[-4.123034160501319 1.0],2.0400488741956115,False,True,11.81170819639205,14,17.709159380834848,91.76,in_progress,0.0,0
40,26.0,5.287141799986667,0.7939703507644663,0.6103038789617207,0.8904459548532664,2.067632010119581,[0.8904459548532664 2.067632010119581],1.8908468771235758,False,True,12.577912372014124,15,17.709159380834848,91.818,in_progress,0.0,0
40,27.0,5.378922127252936,0.7901141279315981,-0.5381147498622175,-4.513974372424897,3.9145208125238207,[-4.513974372424897 3.9145208125238207],2.231206414100712,False,True,13.096258386578574,15,17.709159380834848,91.88,in_progress,0.0,0
40,28.0,5.502736761686561,0.7858537424010612,-1.2093976609257597,-10.485435474038493,1.6755383311614847,[-10.485435474038493 1.6755383311614847],1.7384901693688148,False,True,13.795986934458057,16,17.709159380834848,91.957,in_progress,0.0,0
40,29.0,5.640799027095445,0.7675337411074221,-4.260459347065687,22.856907554678806,4.0,[22.856907554678806 4.0],1.937430868671343,False,True,14.574603639959157,17,17.709159380834848,92.024,in_progress,0.0,0
40,30.0,5.770587191630077,0.750722627436617,-5.476738113384324,-2.5374434777965575,3.376756016432605,[-2.5374434777965575 3.376756016432605],1.656427485114468,False,True,15.305908769684557,18,17.709159380834848,92.082,in_progress,0.0,0
40,31.0,5.898105071984128,0.7459427019850504,-3.9100543761060065,-30.0,2.144096121893334,[-30.0 2.144096121893334],1.3305028671792059,False,True,16.02609318848248,19,17.709159380834848,92.15,in_progress,0.0,0
40,32.0,6.050368073366603,0.7305448476882896,-4.529043343323836,17.083877310964304,4.0,[17.083877310964304 4.0],1.5313779895718342,False,True,16.885270922133692,20,17.709159380834848,92.215,in_progress,0.0,0
40,33.0,6.190018682641806,0.7127910620649484,-5.950723256675237,-30.0,1.0,[-30.0 1.0],0.7954905488130932,False,True,17.680273739614343,21,17.709159380834848,92.29,in_progress,0.0,0
40,34.0,6.353317687016592,0.7051383946101509,-3.487752470580651,15.010886045580683,4.0,[15.010886045580683 4.0],1.393486252359759,False,True,18.604500576864478,22,17.709159380834848,92.36,in_progress,0.0,0
40,35.0,6.515865449286055,0.6972262372897043,-2.801639549082814,-5.616640376071299,4.0,[-5.616640376071299 4.0],1.350617738986849,False,True,19.48251143419883,23,17.709159380834848,92.421,in_progress,0.0,0
40,36.0,6.657896069188442,0.6930280149163364,-2.443564846545031,30.0,3.7901402079830415,[30.0 3.7901402079830415],1.4135124399156491,False,True,20.231537399034494,24,17.709159380834848,92.481,in_progress,0.0,0
40,37.0,6.806379911417245,0.6911143347821098,-1.2692382123244792,-16.51818445634158,3.1108794117496004,[-16.51818445634158 3.1108794117496004],1.3574218609421713,False,True,20.88738490358382,25,17.709159380834848,92.551,in_progress,0.0,0
40,38.0,6.9953268672695135,0.6936274652878714,-0.19298825731045793,8.042492622333071,2.039803125036512,[8.042492622333071 2.039803125036512],1.1527973036957253,False,True,21.69756803693194,26,17.709159380834848,92.618,in_progress,0.0,0
40,39.0,7.16747192238371,0.6864913490495586,-1.941863897899231,16.672973119950683,2.442610428566539,[16.672973119950683 2.442610428566539],1.2924269748638137,False,True,22.22328974679938,26,17.709159380834848,92.688,in_progress,0.0,0
40,40.0,7.344936322999714,0.6924274940905826,0.28520153560252137,30.0,4.0,[30.0 4.0],0.0,False,False,22.835294541498325,27,17.709159380834848,92.752,in_progress,0.0,0
40,41.0,7.511187608920828,0.7106110468313215,3.9854478433464577,2.771852159825208,1.0,[2.771852159825208 1.0],0.0,False,False,23.100130066371637,27,17.709159380834848,92.819,in_progress,0.0,0
40,42.0,7.683214807504002,0.7398264337085603,9.253042759771922,-13.47065120637409,1.0,[-13.47065120637409 1.0],0.0,True,False,23.682777935099836,28,17.709159380834848,92.883,off_track,0.0,0
41,1.0,4.085434246508308,0.6835709901522339,0.018227633952775525,30.0,4.0,[30.0 4.0],0.0,False,True,0.7919276982516842,7,17.709159380834848,93.015,prepare,0.0,0
41,2.0,4.085190493550231,0.683613237488097,0.01993050474265615,-30.0,1.5507673791574743,[-30.0 1.5507673791574743],2.309646591085882,False,True,0.7905513581378705,7,17.709159380834848,93.078,in_progress,0.0,0
41,3.0,4.093189006383965,0.6822180531490522,-0.0682414838233697,-23.16509863622713,3.6842500378802976,[-23.16509863622713 3.6842500378802976],2.690440419809285,False,True,0.835714583659735,7,17.709159380834848,93.151,in_progress,0.0,0
41,4.0,4.113657614132996,0.6698307657907193,-3.036932719443805,21.007756275077043,3.6531156053941385,[21.007756275077043 3.6531156053941385],2.471037209184823,False,True,0.9512718247844449,7,17.709159380834848,93.224,in_progress,0.0,0
41,5.0,4.1451673970044896,0.6578238415063747,-5.397848398545394,-0.3598586885145423,1.6426618259541024,[-0.3598586885145423 1.6426618259541024],1.955685543409494,False,True,1.1291771283162555,7,17.709159380834848,93.285,in_progress,0.0,0
41,6.0,4.181035252602138,0.6516455316789201,-6.063788428048357,16.135787872960528,3.4579534308045545,[16.135787872960528 3.4579534308045545],2.1977370161270753,False,True,1.3317032175507213,7,17.709159380834848,93.352,in_progress,0.0,0
41,7.0,4.232704764468962,0.6473495115092215,-5.727019615233158,9.637368494653565,1.8921126376479471,[9.637368494653565 1.8921126376479471],1.8702878844179343,False,True,1.623461781088069,8,17.709159380834848,93.408,in_progress,0.0,0
41,8.0,4.30447248859069,0.6531778602579341,-2.9213403138050027,16.534290421980458,4.0,[16.534290421980458 4.0],2.439648039728152,False,True,2.0287300416931346,8,17.709159380834848,93.486,in_progress,0.0,0
41,9.0,4.382071738065511,0.663047923597558,0.24198490428512218,-12.514642608073025,1.0,[-12.514642608073025 1.0],2.14731856179719,False,True,2.4669371412169627,9,17.709159380834848,93.552,in_progress,0.0,0
41,10.0,4.463973349832956,0.6680901156262041,2.39213510673094,25.75947893369254,3.3103016342123484,[25.75947893369254 3.3103016342123484],2.544777367508788,False,True,2.929429347490849,9,17.709159380834848,93.618,in_progress,0.0,0
41,11.0,4.561793790965166,0.67313292441893,2.8794322741953824,18.85071043561723,2.0867960701417885,[18.85071043561723 2.0867960701417885],2.251934389278088,False,True,3.481810739310748,10,17.709159380834848,93.691,in_progress,0.0,0
41,12.0,4.669073194106914,0.699755690510314,7.413159851502471,20.628100834843877,4.0,[20.628100834843877 4.0],2.554176581217793,False,True,4.08765079598721,11,17.709159380834848,93.757,in_progress,0.0,0
41,13.0,4.7766714214120585,0.7431340359508672,13.820851500220222,30.0,3.6571932638779985,[30.0 3.6571932638779985],2.0820562982460897,False,True,4.695331691713525,11,17.709159380834848,93.819,in_progress,0.0,0
41,14.0,4.883979903608241,0.8096602254407643,22.72530159937378,-29.11931556855201,3.839284494174894,[-29.11931556855201 3.839284494174894],1.4949394836029195,False,True,5.301428165407654,12,17.709159380834848,93.879,in_progress,0.0,0
41,15.0,4.984305897136497,0.880010925667497,30.158648878457196,21.306592831433136,1.4059531029082135,[21.306592831433136 1.4059531029082135],0.9255,False,True,5.868102955667435,13,17.709159380834848,93.958,in_progress,0.0,0
41,16.0,5.1097984149113005,0.9498851610899792,33.01106499298985,30.0,1.7323406892115123,[30.0 1.7323406892115123],0.9174599999999999,False,True,6.576832069345717,14,17.709159380834848,94.02,in_progress,0.0,0
41,17.0,5.207712315633144,1.0205960283821576,35.61215755025024,14.54256718745794,3.716048422543569,[14.54256718745794 3.716048422543569],1.1087262882549,False,True,7.129776792623803,14,17.709159380834848,94.093,in_progress,0.0,0
41,18.0,5.307637058513183,1.1144896870506704,39.45438920334087,-15.245635090382466,1.0,[-15.245635090382466 1.0],0.0,False,False,7.69454820264112,15,17.709159380834848,94.158,in_progress,0.0,0
41,19.0,5.397471666620343,1.2105457632674168,43.53518709593923,18.472207729180575,1.595767047505568,[18.472207729180575 1.595767047505568],0.0,False,False,8.20206921298518,16,17.709159380834848,94.219,in_progress,0.0,0
41,20.0,5.483346196631067,1.2988558692156777,44.81160827281094,-7.02038184845464,4.0,[-7.02038184845464 4.0],0.0,True,False,8.69073605053021,16,17.709159380834848,94.289,off_track,0.0,0
42,1.0,4.970815747842246,0.683888362931831,0.00891437598556222,-18.92852770128564,4.0,[-18.92852770128564 4.0],0.0,False,True,0.7914962114208668,13,17.709159380834848,94.412,prepare,0.0,0
42,2.0,4.970648403093521,0.6839376398081524,0.022039924478237015,25.11963192350565,3.157736742342498,[25.11963192350565 3.157736742342498],2.189026112507439,False,True,0.7905513581323159,13,17.709159380834848,94.485,in_progress,0.0,0
42,3.0,4.978762883651896,0.6843856686833253,0.06933026329892966,30.0,4.0,[30.0 4.0],2.367903284692277,False,True,0.8363731500435179,13,17.709159380834848,94.551,in_progress,0.0,0
42,4.0,5.001572361428718,0.6894466946726175,1.3967163527948159,-23.716867702503343,1.1376629670585887,[-23.716867702503343 1.1376629670585887],2.0170124969507626,False,True,0.9651847076067754,13,17.709159380834848,94.618,in_progress,0.0,0
42,5.0,5.028737077562637,0.6826352895004592,0.5573102228292695,-30.0,4.0,[-30.0 4.0],2.3721991325510903,False,True,1.118563607611034,13,17.709159380834848,94.683,in_progress,0.0,0
42,6.0,5.065423606976837,0.6613762713600043,-4.647040714275578,-30.0,3.3777563906701897,[-30.0 3.3777563906701897],1.8551618499768188,False,True,1.3256826253640996,13,17.709159380834848,94.754,in_progress,0.0,0
42,7.0,5.114704899556123,0.6252241360594234,-12.071136565286167,30.0,4.0,[30.0 4.0],1.498749454248992,False,True,1.6038920592735553,14,17.709159380834848,94.817,in_progress,0.0,0
42,8.0,5.170989916785608,0.5884778827869146,-17.483279297038003,0.7044012812719131,2.3104063966454307,[0.7044012812719131 2.3104063966454307],1.0337334397830442,False,True,1.9216760690632841,14,17.709159380834848,94.877,in_progress,0.0,0
42,9.0,5.242024437189361,0.5545017228459058,-20.07854349378255,-13.548383570107731,1.7574064106078096,[-13.548383570107731 1.7574064106078096],0.90508,False,True,2.322735517847506,15,17.709159380834848,94.948,in_progress,0.0,0
42,10.0,5.321217741104154,0.5084650923309852,-23.59347114097907,-30.0,2.5236945869710468,[-30.0 2.5236945869710468],0.970780740461161,False,True,2.769699851332705,15,17.709159380834848,95.015,in_progress,0.0,0
42,11.0,5.402116722337853,0.4446767181841134,-29.30571327799878,-12.795603258939952,1.781831906284543,[-12.795603258939952 1.781831906284543],0.88775,False,True,3.226358160509704,16,17.709159380834848,95.08,in_progress,0.0,0
42,12.0,5.489569378484994,0.3601174408385209,-35.760107821280364,-30.0,1.460232727281377,[-30.0 1.460232727281377],0.88775,False,True,3.7181118054113145,16,17.709159380834848,95.161,in_progress,0.0,0
42,13.0,5.5703775736312435,0.27009973735698645,-41.105826410083466,24.506985575015946,3.604916854938814,[24.506985575015946 3.604916854938814],0.0,False,False,4.173674035434721,17,17.709159380834848,95.227,in_progress,0.0,0
42,14.0,5.646096349773391,0.1915785620424746,-42.48071221774214,19.770795195583624,3.142379352711378,[19.770795195583624 3.142379352711378],0.0,False,False,4.605570727846428,17,17.709159380834848,95.293,in_progress,0.0,0
42,15.0,5.7565069740773,0.115719435002193,-38.618422254714176,30.0,1.0073702914719374,[30.0 1.0073702914719374],0.0,False,False,5.242970895936108,18,17.709159380834848,95.353,in_progress,0.0,0
42,16.0,5.872304788526396,0.05627306933448806,-32.137065907568385,-30.0,2.8657511387789536,[-30.0 2.8657511387789536],0.0,True,False,5.898401639584078,19,17.709159380834848,95.421,off_track,0.0,0
43,1.0,5.856127942584942,0.6843053087876256,-0.014314908619369354,-24.639815832396803,3.4233474832967445,[-24.639815832396803 3.4233474832967445],0.0,False,True,0.7906677858408623,19,17.709159380834848,95.545,prepare,0.0,0
43,2.0,5.856100219279417,0.6843060706997413,-0.008719730901615874,-7.130114530311076,3.543827067020548,[-7.130114530311076 3.543827067020548],1.746496224274769,False,True,0.7905112197968411,19,17.709159380834848,95.611,in_progress,0.0,0
43,3.0,5.868825848098304,0.6849023637073293,0.24015899304066957,30.0,1.0,[30.0 1.0],1.2552248170708682,False,True,0.8623539157590093,19,17.709159380834848,95.676,in_progress,0.0,0
43,4.0,5.892738954135462,0.6927739867591067,1.7271494210185148,-30.0,1.0,[-30.0 1.0],1.3030720054699971,False,True,0.9971794942977397,19,17.709159380834848,95.746,in_progress,0.0,0
43,5.0,5.925458053964351,0.6952002320196143,2.027274698073521,30.0,4.0,[30.0 4.0],1.8426030752269058,False,True,1.181624071269563,19,17.709159380834848,95.815,in_progress,0.0,0
43,6.0,5.968752748347195,0.6875406438731222,0.11135308509029498,-30.0,1.443355135014364,[-30.0 1.443355135014364],1.1665660629943537,False,True,1.426453659158458,19,17.709159380834848,95.884,in_progress,0.0,0
43,7.0,6.019441375231707,0.6859794363813323,-0.442152617681259,30.0,2.0616348407489355,[30.0 2.0616348407489355],1.2884388686314214,False,True,1.7127457037218574,20,17.709159380834848,95.951,in_progress,0.0,0
43,8.0,6.080314986313257,0.6758315216090737,-2.483087213348724,-19.115018272462503,2.5404187819311974,[-19.115018272462503 2.5404187819311974],1.1900890004235731,False,True,2.055665267845219,20,17.709159380834848,96.02,in_progress,0.0,0
43,9.0,6.15416809066525,0.6689138956688181,-3.432105933725812,11.525068739114374,2.417897719019826,[11.525068739114374 2.417897719019826],1.1302969075656695,False,True,2.471563417330308,21,17.709159380834848,96.088,in_progress,0.0,0
43,10.0,6.237081646237327,0.6570611342711001,-4.829420849290847,17.199308667660105,3.647754485265959,[17.199308667660105 3.647754485265959],1.2586650014715777,False,True,2.9279725617921692,21,17.709159380834848,96.156,in_progress,0.0,0
43,11.0,6.347075506425223,0.6620648533739227,-1.675879223715929,-1.4291986369771728,2.7037606492443667,[-1.4291986369771728 2.7037606492443667],1.2051503525334932,False,True,3.5492983356160632,22,17.709159380834848,96.221,in_progress,0.0,0
43,12.0,6.458955648186522,0.6707257238033029,0.80026311828732,27.35551626249608,4.0,[27.35551626249608 4.0],1.5335218031475883,False,True,4.171207422253131,23,17.709159380834848,96.283,in_progress,0.0,0
43,13.0,6.582694024656906,0.6798026225917481,2.483984675914714,1.9288988878161426,1.811595553144465,[1.9288988878161426 1.811595553144465],0.9587773307515299,False,True,4.806089028028585,23,17.709159380834848,96.349,in_progress,0.0,0
43,14.0,6.70628037996207,0.6984866410717514,5.326850391933175,-20.057671652951726,1.0,[-20.057671652951726 1.0],0.7925840978593272,False,True,5.41366507061328,24,17.709159380834848,96.416,in_progress,0.0,0
43,15.0,6.8282178112103935,0.7144911067356187,6.377945173468879,9.857840450543044,3.1063138217469843,[9.857840450543044 3.1063138217469843],1.3562001816601257,False,True,6.059318437978262,25,17.709159380834848,96.488,in_progress,0.0,0
43,16.0,6.967823208102042,0.7334911684756041,7.468381335518778,30.0,2.5524256175642637,[30.0 2.5524256175642637],1.3105689114909358,False,True,6.697120988120897,26,17.709159380834848,96.55,in_progress,0.0,0
43,17.0,7.089324263307974,0.775008691828491,12.793964741061421,-5.3291901046050825,4.0,[-5.3291901046050825 4.0],1.7817324955116691,False,True,7.226750307258192,26,17.709159380834848,96.62,in_progress,0.0,0
43,18.0,7.234858120317993,0.8336771981571067,17.654056374690846,-0.558578236030904,3.5610249819606836,[-0.558578236030904 3.5610249819606836],1.6438139530397118,False,True,7.835294541498322,27,17.709159380834848,96.682,in_progress,0.0,0
43,19.0,7.3833252419444335,0.8874741283608484,18.874822557826626,0.09229208579124304,1.0,[0.09229208579124304 1.0],0.0,False,False,8.469211041655248,28,17.709159380834848,96.754,in_progress,0.0,0
43,20.0,7.531637055447704,0.945108413951501,20.181663070840624,19.118146152580813,1.1161088820267586,[19.118146152580813 1.1161088820267586],0.0,False,False,8.874769285791817,28,17.709159380834848,96.822,in_progress,0.0,0
43,21.0,7.661155457904829,0.9997551309263657,21.5848847199982,1.4992507475806818,2.5475805234392155,[1.4992507475806818 2.5475805234392155],0.0,False,False,9.499637440551883,29,17.709159380834848,96.89,in_progress,0.0,0
43,22.0,7.796678891704605,1.0651747012872261,23.60723588987965,-22.63855983094237,2.1618869473570945,[-22.63855983094237 2.1618869473570945],0.0,True,False,9.770184407358585,29,17.709159380834848,96.953,off_track,0.0,0
44,1.0,6.726518792250401,0.7973163232026819,19.316382139950576,18.66023124447746,1.0,[18.66023124447746 1.0],0.0,False,True,0.784829225595779,25,17.709159380834848,97.08,prepare,0.0,0
44,2.0,6.726269746928077,0.7972396038639442,19.316718374208563,20.142645738842987,4.0,[20.142645738842987 4.0],2.3013887813902443,False,True,0.7833896711744864,25,17.709159380834848,97.15,in_progress,0.0,0
44,3.0,6.7366659575296275,0.7965821011726526,18.29276833067971,18.88153312307596,1.0,[18.88153312307596 1.0],1.1108975488812125,False,True,0.832886563181634,25,17.709159380834848,97.215,in_progress,0.0,0
44,4.0,6.756162554754286,0.8069276614546815,19.061135608071847,17.3110300913242,4.0,[17.3110300913242 4.0],2.2850791618765602,False,True,0.9574949678009675,25,17.709159380834848,97.289,in_progress,0.0,0
44,5.0,6.7944536436297955,0.8357826947070297,22.63990808943227,7.87243481680585,2.884263117229086,[7.87243481680585 2.884263117229086],2.0430819482165825,False,True,1.2176590069429145,25,17.709159380834848,97.345,in_progress,0.0,0
44,6.0,6.834223039386659,0.8609185578996371,24.556984681037548,-6.648295966955416,3.236672961937922,[-6.648295966955416 3.236672961937922],2.04161764937541,False,True,1.4831250264414786,25,17.709159380834848,97.419,in_progress,0.0,0
44,7.0,6.900470425647772,0.8957787924740748,25.443413020069535,28.53611161718021,3.0881398105030553,[28.53611161718021 3.0881398105030553],2.0325772888464377,False,True,1.902906431499804,26,17.709159380834848,97.481,in_progress,0.0,0
44,8.0,6.967121751212986,0.9332263205621751,26.709194860150415,-3.3768097170869105,1.0,[-3.3768097170869105 1.0],0.8640664093361441,False,True,2.306591509305303,26,17.709159380834848,97.543,in_progress,0.0,0
44,9.0,7.036265100212121,0.9799808957111897,29.53403057822296,15.57706385588125,2.5730672610630747,[15.57706385588125 2.5730672610630747],1.5236194918061434,False,True,2.7736968654029055,27,17.709159380834848,97.627,in_progress,0.0,0
44,10.0,7.116738026106503,1.043741945618992,33.13959930946445,-27.145676995495556,1.0,[-27.145676995495556 1.0],0.818895373247124,False,True,3.2768181397046154,28,17.709159380834848,97.687,in_progress,0.0,0
44,11.0,7.181604046276978,1.1065153079924521,37.30981819803509,21.84975481165406,3.727597352527191,[21.84975481165406 3.727597352527191],1.8317049502928846,False,True,3.711865240119577,28,17.709159380834848,97.768,in_progress,0.0,0
44,12.0,7.264463673352433,1.177028304843771,39.02763679343454,-4.927832285005998,2.2160584215136496,[-4.927832285005998 2.2160584215136496],1.1942152265140442,False,True,4.287132298936502,29,17.709159380834848,97.828,in_progress,0.0,0
44,13.0,7.333424305703334,1.2432507338583967,40.669741447195285,22.61417131869436,2.0784772068147936,[22.61417131869436 2.0784772068147936],1.15266783639791,False,True,4.6996629306763325,29,17.709159380834848,97.891,in_progress,0.0,0
44,14.0,7.420006436892057,1.3284557663462302,42.50627033212839,24.489234602998266,2.728943918926028,[24.489234602998266 2.728943918926028],1.4382138556497848,False,True,5.331126564497341,30,17.709159380834848,97.956,in_progress,0.0,0
44,15.0,7.494854235094032,1.4273745426099953,47.190576254648136,17.176489700369537,1.0,[17.176489700369537 1.0],0.8643774847280131,False,True,5.846083918405853,31,17.709159380834848,98.014,in_progress,0.0,0
44,16.0,7.55206763016457,1.5261554677707805,53.289399869463985,15.67361147351346,3.7161041030728006,[15.67361147351346 3.7161041030728006],1.7861620634882964,False,True,6.257421204346908,31,17.709159380834848,98.082,in_progress,0.0,0
44,17.0,7.604805462708248,1.634017972967285,58.40845100801173,-24.88508049591241,1.4754809582073114,[-24.88508049591241 1.4754809582073114],0.9915868588476319,False,True,6.782289648376338,32,17.709159380834848,98.145,in_progress,0.0,0
44,18.0,7.66015921098684,1.7431000743807845,62.577095971392204,-1.3388218019558948,1.6752927672698825,[-1.3388218019558948 1.6752927672698825],0.0,False,False,7.103484010259425,32,17.709159380834848,98.215,in_progress,0.0,0
44,19.0,7.71256679174854,1.8391222667295748,62.79233754762737,-30.0,2.325843593622544,[-30.0 2.325843593622544],0.0,False,False,7.507117075539687,32,17.709159380834848,98.286,in_progress,0.0,0
44,20.0,7.779487396870624,1.943112599153582,60.16745913057752,20.510334418183234,4.0,[20.510334418183234 4.0],0.0,False,False,7.947492763770253,33,17.709159380834848,98.35,in_progress,0.0,0
44,21.0,7.863521503296828,2.0520507548422735,56.7216363139732,-5.712105073941629,3.3418317298053886,[-5.712105073941629 3.3418317298053886],0.0,True,False,8.274256017031224,33,17.709159380834848,98.419,off_track,0.0,0
45,1.0,7.258027016552634,1.4837361563413547,67.48949229307087,-30.0,1.9682207145117616,[-30.0 1.9682207145117616],0.0,False,True,0.7890141128386485,30,17.709159380834848,98.55,prepare,0.0,0
45,2.0,7.257884002906053,1.483549489981363,67.53121412213503,26.709158898213573,4.0,[26.709158898213573 4.0],2.3714289536089166,False,True,0.7877802774377496,30,17.709159380834848,98.62,in_progress,0.0,0
45,3.0,7.263663455834729,1.4880088500617314,66.5683545366677,-30.0,2.6329815968832433,[-30.0 2.6329815968832433],1.732366483635608,False,True,0.8208813490717948,30,17.709159380834848,98.677,in_progress,0.0,0
45,4.0,7.27868180741173,1.4984342968933264,64.37160532654386,14.214298245875462,2.557204763090579,[14.214298245875462 2.557204763090579],1.5785705227775473,False,True,0.9005793469075318,31,17.709159380834848,98.747,in_progress,0.0,0
45,5.0,7.298968011840157,1.5239756599141032,62.7215346721694,-30.0,2.9253141810285257,[-30.0 2.9253141810285257],1.6199773540352,False,True,1.0705050564783158,31,17.709159380834848,98.82,in_progress,0.0,0
45,6.0,7.32479187204067,1.5634266395423928,61.567870000658566,-30.0,4.0,[-30.0 4.0],1.9223867704956283,False,True,1.2659168961869027,31,17.709159380834848,98.886,in_progress,0.0,0
45,7.0,7.3714489345319585,1.5995424362896002,55.9721651093171,30.0,3.2464496196614343,[30.0 3.2464496196614343],1.6267719062169124,False,True,1.4890874725882186,31,17.709159380834848,98.951,in_progress,0.0,0
45,8.0,7.430557022362546,1.6460585543451902,50.68382578609769,9.806684868624409,2.51615864613065,[9.806684868624409 2.51615864613065],1.3206772010713115,False,True,1.7761066678563475,32,17.709159380834848,99.021,in_progress,0.0,0
45,9.0,7.47385500240627,1.7093452303293848,52.2048769865275,30.0,1.426508501502315,[30.0 1.426508501502315],0.9761004477103453,False,True,2.1034840102594266,32,17.709159380834848,99.086,in_progress,0.0,0
45,10.0,7.507159923053767,1.7926727643759173,57.57436295183746,-2.504971073349374,2.9306754000857995,[-2.504971073349374 2.9306754000857995],1.4517585742952923,False,True,2.3859291065970236,32,17.709159380834848,99.149,in_progress,0.0,0
45,11.0,7.539556676512982,1.8822376224119248,61.9524225345963,-30.0,1.1383966953517115,[-30.0 1.1383966953517115],0.8677136103329597,False,True,2.866072127934549,33,17.709159380834848,99.223,in_progress,0.0,0
45,12.0,7.589284163049588,1.9742455715606952,61.83742474534789,18.70607238382555,1.809409913886932,[18.70607238382555 1.809409913886932],1.0697217184417909,False,True,3.171933566097107,33,17.709159380834848,99.282,in_progress,0.0,0
45,13.0,7.632308039189627,2.0497032932768366,61.54438835724889,-30.0,1.0,[-30.0 1.0],0.0,False,False,3.5370936319850834,34,17.709159380834848,99.353,in_progress,0.0,0
45,14.0,7.6747271220762165,2.1425775062882684,62.943274760425915,-25.77830969407249,4.0,[-25.77830969407249 4.0],0.0,False,False,3.797139282354128,34,17.709159380834848,99.415,in_progress,0.0,0
45,15.0,7.724441369860543,2.2188590340790557,60.782613289705495,9.568396833023186,1.6214786604555043,[9.568396833023186 1.6214786604555043],0.0,False,False,4.003295197369478,34,17.709159380834848,99.481,in_progress,0.0,0
45,16.0,7.775865019140077,2.298768256119132,59.096269652823416,21.16745553245996,1.0762959385141357,[21.16745553245996 1.0762959385141357],0.0,True,False,4.3349313530155085,35,17.709159380834848,99.552,off_track,0.0,0
46,1.0,7.089998062536192,2.3321304407390127,117.95354320989985,28.84395829220992,1.0,[28.84395829220992 1.0],0.0,False,True,0.7879598256833376,36,17.709159380834848,99.694,prepare,0.0,0
46,2.0,7.090189558990951,2.3320076142132136,117.93516785692174,7.729239779690673,4.0,[7.729239779690673 4.0],2.764927451145319,False,True,0.786753080203495,36,17.709159380834848,99.752,in_progress,0.0,0
46,3.0,7.086105306625032,2.3391801891680366,117.57189533944525,-18.10091706349599,2.224350806317408,[-18.10091706349599 2.224350806317408],1.8848306698205268,False,True,0.8329508710958333,36,17.709159380834848,99.82,in_progress,0.0,0
46,4.0,7.0801015062905375,2.359344232462837,116.40261581763015,-30.0,3.6237807609013064,[-30.0 3.6237807609013064],2.48110845320193,False,True,0.9440940670023878,37,17.709159380834848,99.885,in_progress,0.0,0
46,5.0,7.076263391733731,2.3953581999084275,113.15567541765166,-13.006453038356103,2.1421444082282326,[-13.006453038356103 2.1421444082282326],1.186783861429334,False,True,1.1190596464505764,37,17.709159380834848,99.953,in_progress,0.0,0
46,6.0,7.070777096117939,2.44445590696759,109.6901276857186,22.718615786746426,1.7488344597543137,[22.718615786746426 1.7488344597543137],1.0118305582709055,False,True,1.348746672245843,37,17.709159380834848,100.018,in_progress,0.0,0
46,7.0,7.040121145157011,2.5063279791182915,111.48095253154777,30.0,1.6481255426466874,[30.0 1.6481255426466874],0.9837957845592463,False,True,1.682665769913988,37,17.709159380834848,100.083,in_progress,0.0,0
46,8.0,6.996190451853098,2.5566800706646533,116.59017590046217,30.0,4.0,[30.0 4.0],1.518330495246204,False,True,2.0591860109154814,38,17.709159380834848,100.148,in_progress,0.0,0
46,9.0,6.928688529551332,2.6143389681132274,124.59121057971043,22.51433757210664,2.916809421574076,[22.51433757210664 2.916809421574076],1.5707893766109673,False,True,2.49759725354905,38,17.709159380834848,100.214,in_progress,0.0,0
46,10.0,6.842876026451307,2.6638400577377,134.47183032352544,-10.965124347590137,3.9611660873730816,[-10.965124347590137 3.9611660873730816],2.0154469494877345,False,True,3.0485796725090664,39,17.709159380834848,100.296,in_progress,0.0,0
46,11.0,6.7286220609752405,2.72991355055442,143.67123173571602,-30.0,3.2060570984692154,[-30.0 3.2060570984692154],1.8739923394146294,False,True,3.73409349569076,40,17.709159380834848,100.362,in_progress,0.0,0
46,12.0,6.634311723947108,2.8081828339549024,144.4891042124431,30.0,1.0,[30.0 1.0],1.2016178578466647,False,True,4.324180849403686,41,17.709159380834848,100.428,in_progress,0.0,0
46,13.0,6.546532386510473,2.8883362375321107,142.49398616499485,27.44645673220925,2.2172736296608613,[27.44645673220925 2.2172736296608613],1.307417646445535,False,True,4.810587493876289,41,17.709159380834848,100.497,in_progress,0.0,0
46,14.0,6.4397949722996355,2.9678267600767123,142.97030545530518,-16.52712626646985,1.692435746764411,[-16.52712626646985 1.692435746764411],1.1735713484647274,False,True,5.491305628371851,42,17.709159380834848,100.554,in_progress,0.0,0
46,15.0,6.356617134637872,3.0174965247445424,145.31506569632546,30.0,3.4670560437553437,[30.0 3.4670560437553437],1.5774661553185438,False,True,5.817236110156387,42,17.709159380834848,100.623,in_progress,0.0,0
46,16.0,6.245420667071922,3.0822884580333567,147.95458785223414,5.8820707977853175,2.2567018149378746,[5.8820707977853175 2.2567018149378746],1.49224534316888,False,True,6.43576870719289,43,17.709159380834848,100.691,in_progress,0.0,0
46,17.0,6.1290319847861,3.127456416516669,152.87245482486543,-18.620426173597806,4.0,[-18.620426173597806 4.0],0.0,False,False,7.04919278670626,44,17.709159380834848,100.737,in_progress,0.0,0
46,18.0,6.007064938082499,3.1761591032219894,155.27934504081543,-30.0,1.0698873272430418,[-30.0 1.0698873272430418],0.0,False,False,7.674709746669839,44,17.709159380834848,100.814,in_progress,0.0,0
46,19.0,5.895291527121529,3.239373673713655,152.95309366196247,30.0,3.055503083885699,[30.0 3.055503083885699],0.0,False,False,8.301687628965837,45,17.709159380834848,100.876,in_progress,0.0,0
46,20.0,5.797045443233051,3.2977484689551044,151.51084200524556,-16.000172427241004,3.497656042931006,[-16.000172427241004 3.497656042931006],0.0,False,False,8.853544827458364,46,17.709159380834848,100.941,in_progress,0.0,0
46,21.0,5.64999835219903,3.3755904040715294,151.60903998519794,22.98095515776138,1.0,[22.98095515776138 1.0],0.0,True,False,9.682809749530701,47,17.709159380834848,101.013,off_track,0.0,0
47,1.0,6.344227474847769,2.7669757037509846,168.4118783400312,-30.0,1.0,[-30.0 1.0],0.0,False,True,0.7899340402657384,42,17.709159380834848,101.153,prepare,0.0,0
47,2.0,6.344382119941102,2.766794516509059,168.46210919214477,11.001785050967364,3.2522462653738202,[11.001785050967364 3.2522462653738202],1.7074608705814203,False,True,0.7889926244838197,42,17.709159380834848,101.226,in_progress,0.0,0
47,3.0,6.335853951267013,2.766849532276416,168.87902606254443,-22.558325272429492,2.506615461813224,[-22.558325272429492 2.506615461813224],1.51154708663458,False,True,0.8370571980869046,42,17.709159380834848,101.293,in_progress,0.0,0
47,4.0,6.314550215333548,2.7774563255908213,167.33302289988143,-8.771794419738697,1.3852946793114267,[-8.771794419738697 1.3852946793114267],1.2930375150882751,False,True,0.9611823938480257,42,17.709159380834848,101.346,in_progress,0.0,0
47,5.0,6.289273234601344,2.787780745458878,166.19725654965492,0.6439579710480245,4.0,[0.6439579710480245 4.0],1.9957742372910254,False,True,1.1075813319009475,43,17.709159380834848,101.419,in_progress,0.0,0
47,6.0,6.239277668736198,2.8062009214711523,164.85592039300948,-12.110780168459879,2.5762520486713645,[-12.110780168459879 2.5762520486713645],1.7689876635502035,False,True,1.396369694677141,43,17.709159380834848,101.489,in_progress,0.0,0
47,7.0,6.179596760595635,2.829115963454064,163.37122271276826,9.953242889094383,1.2210822684262743,[9.953242889094383 1.2210822684262743],1.605686787340005,False,True,1.7265309022716946,43,17.709159380834848,101.558,in_progress,0.0,0
47,8.0,6.10427115221603,2.8554965701624897,162.38305232802887,-29.972532952296532,3.3129161437971906,[-29.972532952296532 3.3129161437971906],2.150011479747919,False,True,2.1550650956703055,44,17.709159380834848,101.614,in_progress,0.0,0
47,9.0,6.030295829051807,2.8787569730838847,161.71950456331496,-14.193798378436364,1.8778503889358302,[-14.193798378436364 1.8778503889358302],1.8724402481654658,False,True,2.5575394584202993,44,17.709159380834848,101.69,in_progress,0.0,0
47,10.0,5.947875433283886,2.928790370821122,156.97219719590882,-30.0,3.7415739425742864,[-30.0 3.7415739425742864],2.2383860676313434,False,True,3.020578217749259,45,17.709159380834848,101.762,in_progress,0.0,0
47,11.0,5.855913674285601,3.0025016559341595,149.94779820393018,25.415347846815635,1.8668169681520657,[25.415347846815635 1.8668169681520657],1.551267944204749,False,True,3.535792753496214,45,17.709159380834848,101.821,in_progress,0.0,0
47,12.0,5.784753722805009,3.071164215923473,142.79441519458018,-30.0,4.0,[-30.0 4.0],1.5860345323426903,False,True,3.934195468799895,46,17.709159380834848,101.884,in_progress,0.0,0
47,13.0,5.704772520600564,3.1469752818048944,138.11416820349305,-22.151113039138224,4.0,[-22.151113039138224 4.0],0.0,False,False,4.383804084354914,46,17.709159380834848,101.956,in_progress,0.0,0
47,14.0,5.6212975137353105,3.2628570753146677,130.3641828145054,-30.0,2.5639810009536883,[-30.0 2.5639810009536883],0.0,False,False,4.861776725807681,47,17.709159380834848,102.017,in_progress,0.0,0
47,15.0,5.562907688212366,3.375530765202027,122.84434141530181,-30.0,2.399069121813427,[-30.0 2.399069121813427],0.0,False,False,5.189124697385051,47,17.709159380834848,102.083,in_progress,0.0,0
47,16.0,5.512579175918538,3.5119549111462307,113.51669836047408,30.0,4.0,[30.0 4.0],0.0,True,False,5.470453847717876,48,17.709159380834848,102.157,off_track,0.0,0
48,1.0,5.458551214958131,2.7689265168140658,-179.77053276534744,-3.3635977053862938,1.5301112168580135,[-3.3635977053862938 1.5301112168580135],0.0,False,True,0.7911336460302842,48,17.709159380834848,102.283,prepare,0.0,0
48,2.0,5.458807620826666,2.7688712202778913,-179.7530807944662,6.658015424811538,4.0,[6.658015424811538 4.0],1.266001780649645,False,True,0.789687018136126,48,17.709159380834848,102.354,in_progress,0.0,0
48,3.0,5.448695767715345,2.772292374773154,179.3239244914297,21.347251160857397,4.0,[21.347251160857397 4.0],1.5212613201879532,False,True,0.8467098969798081,48,17.709159380834848,102.42,in_progress,0.0,0
48,4.0,5.427791251710453,2.7697206867953987,179.8807073861565,21.4958499017243,2.518157423756964,[21.4958499017243 2.518157423756964],1.2617366767076041,False,True,0.9648098142658379,48,17.709159380834848,102.482,in_progress,0.0,0
48,5.0,5.391923387505182,2.760439819185526,-177.9870115654007,11.81158323234407,1.8688046937878977,[11.81158323234407 1.8688046937878977],0.949404681824618,False,True,1.1675535572116036,49,17.709159380834848,102.554,in_progress,0.0,0
48,6.0,5.338810660671556,2.747187662144448,-175.37241283950297,-9.867421086254353,1.0,[-9.867421086254353 1.0],0.93498,False,True,1.4677632553426856,49,17.709159380834848,102.615,in_progress,0.0,0
48,7.0,5.286305837798281,2.739934274093209,-174.59784527076192,-27.076333567102424,2.781575251635722,[-27.076333567102424 2.781575251635722],1.026324653596796,False,True,1.7670449013417966,49,17.709159380834848,102.677,in_progress,0.0,0
48,8.0,5.211231301985588,2.744530476082805,-177.3254973442884,30.0,2.6186962494297714,[30.0 2.6186962494297714],0.988801473956454,False,True,2.190349251386664,50,17.709159380834848,102.754,in_progress,0.0,0
48,9.0,5.1274322843783375,2.7510335788775793,-179.51319947940996,3.8332529667330206,4.0,[3.8332529667330206 4.0],1.147275,False,True,2.6606663435028377,50,17.709159380834848,102.815,in_progress,0.0,0
48,10.0,5.043396890356137,2.7448457185828294,-178.39256059693756,-14.243878818135993,2.270119780693248,[-14.243878818135993 2.270119780693248],0.9443925340759831,False,True,3.135014117950974,51,17.709159380834848,102.885,in_progress,0.0,0
48,11.0,4.932438970525483,2.740640843318516,-178.21921413736467,-23.94953216570361,4.0,[-23.94953216570361 4.0],1.1754865495159186,False,True,3.7401395119718073,52,17.709159380834848,102.95,in_progress,0.0,0
48,12.0,4.811978917342151,2.751504776938611,178.64242585297865,18.546172064739785,2.6143328546192235,[18.546172064739785 2.6143328546192235],1.0961875583062572,False,True,4.391932124410647,52,17.709159380834848,103.024,in_progress,0.0,0
48,13.0,4.668496850784228,2.7669731707951524,176.32288440081612,-15.418808934485384,4.0,[-15.418808934485384 4.0],1.3586012705187296,False,True,5.137849553113166,53,17.709159380834848,103.096,in_progress,0.0,0
48,14.0,4.518059740249632,2.7787746531180684,175.6859713394754,-30.0,4.0,[-30.0 4.0],1.3000756149528576,False,True,5.824836634939151,54,17.709159380834848,103.158,in_progress,0.0,0
48,15.0,4.374012449145162,2.8061986557834047,172.26340085120157,30.0,1.4727209394152299,[30.0 1.4727209394152299],1.0434595145665448,False,True,6.593690010837882,55,17.709159380834848,103.225,in_progress,0.0,0
48,16.0,4.214402250283514,2.843600034145677,167.75544818203124,-30.0,1.0,[-30.0 1.0],1.1942283878497655,False,True,7.236340197463037,56,17.709159380834848,103.287,in_progress,0.0,0
48,17.0,4.094111088326851,2.8688959908702674,167.5109910832346,11.201504421421234,1.0,[11.201504421421234 1.0],1.1937246666521595,False,True,7.684517230534676,56,17.709159380834848,103.346,in_progress,0.0,0
48,18.0,3.980516511600091,2.899464046169152,166.4384454215021,30.0,3.881754905992172,[30.0 3.881754905992172],0.0,False,False,8.249267440822699,57,17.709159380834848,103.417,in_progress,0.0,0
48,19.0,3.8575140913444033,2.9194210233107554,168.53522223282363,14.43617797310388,3.839305623258609,[14.43617797310388 3.839305623258609],0.0,False,False,8.640307746493987,57,17.709159380834848,103.48,in_progress,0.0,0
48,20.0,3.720842019523941,2.923321272833787,173.4905382358287,-12.025263139358831,2.9058263044380626,[-12.025263139358831 2.9058263044380626],0.0,False,False,9.146724361131643,58,17.709159380834848,103.552,in_progress,0.0,0
48,21.0,3.5597339610653655,2.9187882631506232,178.4523775233393,10.044667631415308,1.0,[10.044667631415308 1.0],0.0,True,False,9.651745439192084,59,17.709159380834848,103.616,off_track,0.0,0
49,1.0,4.59066860978344,2.881324631284749,157.40299540074525,0.9349165425167811,4.0,[0.9349165425167811 4.0],0.0,False,True,0.7910352311645386,54,17.709159380834848,103.75,prepare,0.0,0
49,2.0,4.590852408643613,2.8812854302833166,157.4180149339781,-13.999712698309036,3.952227661233217,[-13.999712698309036 3.952227661233217],2.1561235243585593,False,True,0.7900414090570129,54,17.709159380834848,103.824,in_progress,0.0,0
49,3.0,4.578812099969921,2.8811486141509337,158.56740199939713,-30.0,3.7680428832136332,[-30.0 3.7680428832136332],2.0559755629407905,False,True,0.8469228004313045,54,17.709159380834848,103.89,in_progress,0.0,0
49,4.0,4.5598670426216055,2.8919733215808185,157.7852521209734,3.5919322182715234,2.1237420899287107,[3.5919322182715234 2.1237420899287107],1.6758212541432986,False,True,0.9699829935536364,54,17.709159380834848,103.955,in_progress,0.0,0
49,5.0,4.527581514960963,2.9067595334989957,157.41899767251252,-8.673665393869388,3.327607787607614,[-8.673665393869388 3.327607787607614],1.996652382614938,False,True,1.1685697441633558,54,17.709159380834848,104.029,in_progress,0.0,0
49,6.0,4.468311198172185,2.9232709479389065,159.21420107683403,-24.38046531170994,2.099431993937504,[-24.38046531170994 2.099431993937504],1.5777205805905339,False,True,1.5008156243044746,55,17.709159380834848,104.084,in_progress,0.0,0
49,7.0,4.4205206567115,2.945817051914421,158.3889381143558,2.6629785899211456,3.629071593378399,[2.6629785899211456 3.629071593378399],1.9423433540045514,False,True,1.7584243216868134,55,17.709159380834848,104.158,in_progress,0.0,0
49,8.0,4.341133222627871,2.9825068870399525,157.44636980475508,-30.0,1.0,[-30.0 1.0],1.5662789028543114,False,True,2.230096508493501,56,17.709159380834848,104.216,in_progress,0.0,0
49,9.0,4.264339949633656,3.0104315974456775,158.5202796901878,-6.240876508887279,4.0,[-6.240876508887279 4.0],1.938274048451998,False,True,2.609740689830664,56,17.709159380834848,104.292,in_progress,0.0,0
49,10.0,4.176176594496785,3.0488547612365466,157.93846107025536,21.662021055755588,1.9398220698264028,[21.662021055755588 1.9398220698264028],1.5452586008247982,False,True,3.108589523703581,57,17.709159380834848,104.352,in_progress,0.0,0
49,11.0,4.087025675253457,3.0798713278670737,158.52887598968937,20.41635359828605,3.724470468365221,[20.41635359828605 3.724470468365221],1.844598242651081,False,True,3.5140478503861097,57,17.709159380834848,104.42,in_progress,0.0,0
49,12.0,3.9789316515107735,3.1008548421115973,163.0420682169997,30.0,1.0,[30.0 1.0],1.3495937562057512,False,True,3.9939843502439176,58,17.709159380834848,104.481,in_progress,0.0,0
49,13.0,3.870133297633508,3.107377881505722,169.2572893191079,30.0,2.766059299744686,[30.0 2.766059299744686],1.212667496653076,False,True,4.386266427258745,58,17.709159380834848,104.553,in_progress,0.0,0
49,14.0,3.7428237416038597,3.1002829403130128,175.7158054324127,12.970611286282924,1.0,[12.970611286282924 1.0],0.0,False,False,4.804676537089398,59,17.709159380834848,104.621,in_progress,0.0,0
49,15.0,3.639475621334367,3.0811558332072235,-178.08254980458764,0.9201588764762327,4.0,[0.9201588764762327 4.0],0.0,False,False,5.113263903807031,59,17.709159380834848,104.688,in_progress,0.0,0
49,16.0,3.529068533908835,3.0585732207651546,-173.76177781376398,4.054597990502998,3.640194177873867,[4.054597990502998 3.640194177873867],0.0,True,False,5.408947316147417,59,17.709159380834848,104.767,off_track,0.0,0
50,1.0,3.977122763024279,3.512085721590665,129.28325567070098,30.0,1.9176503991780272,[30.0 1.9176503991780272],0.0,False,True,0.791448488151969,60,17.709159380834848,104.88,prepare,0.0,0
50,2.0,3.9772551891196444,3.5119887562299974,129.24753287051118,24.845862176201862,1.0,[24.845862176201862 1.0],1.324745003469106,False,True,0.7905513581379364,60,17.709159380834848,104.943,in_progress,0.0,0
50,3.0,3.9748283180295036,3.517458763829343,128.7770698834537,-6.096825320924211,3.589918096155049,[-6.096825320924211 3.589918096155049],1.5437213344230418,False,True,0.8231418153690662,60,17.709159380834848,105.016,in_progress,0.0,0
50,4.0,3.960210819630227,3.5319788440775355,128.9793193325052,-6.4978507281177755,1.9625674287052919,[-6.4978507281177755 1.9625674287052919],1.333912789957992,False,True,0.9388566547668842,60,17.709159380834848,105.086,in_progress,0.0,0
50,5.0,3.9428385758987816,3.5608544914405234,127.86979125077364,30.0,2.6089816344050063,[30.0 2.6089816344050063],1.4093285535972508,False,True,1.1272218399813516,60,17.709159380834848,105.154,in_progress,0.0,0
50,6.0,3.9097791531253003,3.5964998739174954,129.06246039779822,30.0,1.7771098100056961,[30.0 1.7771098100056961],1.440636807710635,False,True,1.4011874400534863,61,17.709159380834848,105.209,in_progress,0.0,0
50,7.0,3.8616586311882877,3.6207617398902725,134.13941678472244,9.028786415330565,1.0,[9.028786415330565 1.0],1.6595151136887012,False,True,1.6790669727223761,61,17.709159380834848,105.283,in_progress,0.0,0
50,8.0,3.7973405917261056,3.6577653620605237,138.66293278496352,30.0,1.6340707173962414,[30.0 1.6340707173962414],1.960335290891996,False,True,2.070395828193905,61,17.709159380834848,105.356,in_progress,0.0,0
50,9.0,3.726308937282509,3.6916626315142063,143.4586906194843,-20.451911489914643,3.57520114736304,[-20.451911489914643 3.57520114736304],2.5126570181620993,False,True,2.4721144678030216,62,17.709159380834848,105.425,in_progress,0.0,0
50,10.0,3.6501085264080806,3.7299549714006157,146.37664526684722,-1.5343303363040697,4.0,[-1.5343303363040697 4.0],2.551466218562291,False,True,2.911706722015406,62,17.709159380834848,105.491,in_progress,0.0,0
50,11.0,3.5717821318519407,3.784564044672298,145.95653425285371,27.591147611360455,2.5934662288330452,[27.591147611360455 2.5934662288330452],2.2276443897258114,False,True,3.4307234987839164,63,17.709159380834848,105.568,in_progress,0.0,0
50,12.0,3.468195519882399,3.8402488942443176,148.36599063504343,-10.71224324810818,1.07611787064246,[-10.71224324810818 1.07611787064246],2.0147430198833223,False,True,4.044182931281826,64,17.709159380834848,105.622,in_progress,0.0,0
50,13.0,3.3894337548719284,3.878081728864478,150.6552008293883,8.020205157757154,2.7863736434201276,[8.020205157757154 2.7863736434201276],2.195699179039922,False,True,4.486665069512341,64,17.709159380834848,105.697,in_progress,0.0,0
50,14.0,3.282235907119361,3.9293616160086065,152.47540618975276,-30.0,1.1971896094349201,[-30.0 1.1971896094349201],1.638981252512099,False,True,5.090467571654489,65,17.709159380834848,105.76,in_progress,0.0,0
50,15.0,3.181812826564347,3.9709175027233234,154.76001276284455,-10.656888094412341,2.6547831979262675,[-10.656888094412341 2.6547831979262675],2.014801520656531,False,True,5.629407039117673,66,17.709159380834848,105.822,in_progress,0.0,0
50,16.0,3.0812338871940046,4.019385181507947,154.59103422348625,10.595870020576164,3.7260836174971255,[10.595870020576164 3.7260836174971255],0.0,False,False,6.4865026299856465,67,17.709159380834848,105.885,in_progress,0.0,0
50,17.0,2.9697114902722572,4.068249269466203,155.55888245393749,-25.898231141867157,1.9876288646098004,[-25.898231141867157 1.9876288646098004],0.0,False,False,7.803037398718549,68,17.709159380834848,105.947,in_progress,0.0,0
50,18.0,2.8530786335459486,4.114219018209128,156.91073226176024,20.427492940563553,4.0,[20.427492940563553 4.0],0.0,False,False,9.070352213754518,70,17.709159380834848,106.013,in_progress,0.0,0
50,19.0,2.733444140769117,4.160998755932261,158.20435717702023,16.35110073238686,3.2039966554319084,[16.35110073238686 3.2039966554319084],0.0,False,False,10.136599086927356,71,17.709159380834848,106.075,in_progress,0.0,0
50,20.0,2.5786764789657948,4.198019108988967,162.9570036566843,-30.0,2.9145840593943615,[-30.0 2.9145840593943615],0.0,False,False,11.037674592878632,72,17.709159380834848,106.145,in_progress,0.0,0
50,21.0,2.4208048111095595,4.233331053785635,166.31103322364964,-5.664368165238052,4.0,[-5.664368165238052 4.0],0.0,False,False,11.987356113412083,73,17.709159380834848,106.216,in_progress,0.0,0
50,22.0,2.2401216087545732,4.2891258747715675,164.2496875951442,25.912173479528263,1.0,[25.912173479528263 1.0],1.2313356120883017,False,True,12.991612098011673,74,17.709159380834848,106.283,in_progress,0.0,0
50,23.0,2.0886999797380152,4.332198552645205,163.7927480407339,8.689973005648675,3.735666303500828,[8.689973005648675 3.735666303500828],1.3346568041580151,False,True,13.832537282677581,75,17.709159380834848,106.356,in_progress,0.0,0
50,24.0,1.9045811054127566,4.379980209737755,164.72132973838953,-11.889816329275845,1.2123021566266219,[-11.889816329275845 1.2123021566266219],0.7975259230044366,False,True,14.864659875270602,77,17.709159380834848,106.421,in_progress,0.0,0
50,25.0,1.7473363692856043,4.423654814024103,165.06953268658538,15.913935559944598,1.0,[15.913935559944598 1.0],0.7298340843916427,False,True,15.747194065957348,78,17.709159380834848,106.487,in_progress,0.0,0
50,26.0,1.5971776247906833,4.471351010425416,163.7795198397332,-30.0,2.484289310978219,[-30.0 2.484289310978219],1.0841288398446252,False,True,16.585814519829402,79,17.709159380834848,106.557,in_progress,0.0,0
50,27.0,1.4509615718379725,4.51547527790066,163.15189388369254,-20.749588782245436,1.0,[-20.749588782245436 1.0],0.7742877492877492,False,True,17.391997039705043,80,17.709159380834848,106.622,in_progress,0.0,0
50,28.0,1.3253543156399836,4.567466396842309,160.4700107751086,30.0,4.0,[30.0 4.0],1.6502210255585918,False,True,17.946286025277402,80,17.709159380834848,106.689,in_progress,0.0,0
50,29.0,1.2128610492408474,4.617956907250962,158.7534906304715,-8.337250094172227,3.94142461100156,[-8.337250094172227 3.94142461100156],1.6337434607382624,False,True,18.482855566385027,81,17.709159380834848,106.76,in_progress,0.0,0
50,30.0,1.0618640056986144,4.6810385273064155,157.75330936287477,-30.0,4.0,[-30.0 4.0],1.7691126810628277,False,True,18.78831271627557,81,17.709159380834848,106.817,in_progress,0.0,0
50,31.0,0.9367475340784327,4.750778375820365,154.02073703975154,-19.849516456285983,1.7497571761582669,[-19.849516456285983 1.7497571761582669],0.0,False,False,19.21321174304984,82,17.709159380834848,106.897,in_progress,0.0,0
50,32.0,0.793355340878699,4.853277897408764,147.08745227870602,-2.947424743640383,1.775900195529748,[-2.947424743640383 1.775900195529748],0.0,False,False,19.455832799597307,82,17.709159380834848,106.957,in_progress,0.0,0
50,33.0,0.6834092612621684,4.931301523906447,144.7941796457661,30.0,3.1296491063501364,[30.0 3.1296491063501364],0.0,True,False,19.455832799597307,82,17.709159380834848,107.018,off_track,0.0,0
51,1.0,3.4181177105535454,4.198865999175518,129.06156098070136,28.586840723949024,2.5556763236337656,[28.586840723949024 2.5556763236337656],0.0,False,True,0.7918253892811089,66,17.709159380834848,107.154,prepare,0.0,0
51,2.0,3.418359764560015,4.1987713441933625,129.02850330762297,4.319231288952196,1.0,[4.319231288952196 1.0],0.8290845326474366,False,True,0.7905505554073211,66,17.709159380834848,107.219,in_progress,0.0,0
51,3.0,3.411848967606229,4.2052783377719445,129.22090869130713,-0.25763796867108724,2.3169356035642394,[-0.25763796867108724 2.3169356035642394],1.0213590740739842,False,True,0.8422373530678207,66,17.709159380834848,107.287,in_progress,0.0,0
51,4.0,3.3943039725938644,4.2199545291050065,130.29418347885542,-7.849546174698151,3.456986103066466,[-7.849546174698151 3.456986103066466],1.26317233703141,False,True,0.9728672537509309,66,17.709159380834848,107.339,in_progress,0.0,0
51,5.0,3.3742443984129133,4.242286312414369,130.53804792589378,-10.18694422862066,1.6949249636512524,[-10.18694422862066 1.6949249636512524],0.9590319601512939,False,True,1.1417610136943979,66,17.709159380834848,107.405,in_progress,0.0,0
51,6.0,3.338585498433776,4.284661667386663,130.4522521996577,-26.099152613110725,3.691821409162694,[-26.099152613110725 3.691821409162694],1.1988988345917528,False,True,1.4523426750088775,67,17.709159380834848,107.48,in_progress,0.0,0
51,7.0,3.305607502523199,4.338583536030375,127.83202683240006,14.661404889667885,1.0,[14.661404889667885 1.0],0.7,False,True,1.7724887408484769,67,17.709159380834848,107.554,in_progress,0.0,0
51,8.0,3.2651778841829073,4.407295487574463,124.9595226007366,-4.733043776205989,2.6208474847188796,[-4.733043776205989 2.6208474847188796],1.0335356578620734,False,True,2.1715665571394704,67,17.709159380834848,107.613,in_progress,0.0,0
51,9.0,3.2218202102378575,4.465717615120341,125.47156836682139,8.81845098345709,4.0,[8.81845098345709 4.0],1.301139261558931,False,True,2.553914318467976,68,17.709159380834848,107.682,in_progress,0.0,0
51,10.0,3.162684020677094,4.534910568348786,127.31114732764732,30.0,2.6458343487806424,[30.0 2.6458343487806424],1.0383839794174659,False,True,2.9744808169939185,68,17.709159380834848,107.756,in_progress,0.0,0
51,11.0,3.084668846393736,4.602066912978015,131.9066361962947,5.192290282901794,1.395224876869848,[5.192290282901794 1.395224876869848],0.7999598574912425,False,True,3.422521038273374,69,17.709159380834848,107.808,in_progress,0.0,0
51,12.0,3.000356390329454,4.662221051598517,137.16333149252358,30.0,4.0,[30.0 4.0],1.2553077725612936,False,True,3.8553614235099842,69,17.709159380834848,107.885,in_progress,0.0,0
51,13.0,2.8904848186646137,4.726643465576059,143.2710616825305,-10.857567765034656,1.0,[-10.857567765034656 1.0],0.7788543295821894,False,True,4.48037828438812,70,17.709159380834848,107.955,in_progress,0.0,0
51,14.0,2.7904134404052137,4.77064772617532,149.30615411468776,30.0,2.987430129114491,[30.0 2.987430129114491],1.2724052501507148,False,True,4.870296398447516,71,17.709159380834848,108.029,in_progress,0.0,0
51,15.0,2.6652562610249126,4.819111852780739,154.909504822267,-15.85388457936077,3.1502304834998354,[-15.85388457936077 3.1502304834998354],1.3964415571206004,False,True,5.581342064723971,72,17.709159380834848,108.109,in_progress,0.0,0
51,16.0,2.5196809760734693,4.866634300963721,158.89503194774286,-30.0,2.410620066386542,[-30.0 2.410620066386542],0.0,False,False,6.378301952540166,73,17.709159380834848,108.156,in_progress,0.0,0
51,17.0,2.4271283698954473,4.910393666934002,157.4440555522164,21.665390313908034,3.176071559530542,[21.665390313908034 3.176071559530542],0.0,False,False,6.88384803848966,73,17.709159380834848,108.22,in_progress,0.0,0
51,18.0,2.3085954775936455,4.967693597282157,155.78698283275924,26.8589362953088,1.3779064376580825,[26.8589362953088 1.3779064376580825],0.0,False,False,7.468306418615311,74,17.709159380834848,108.285,in_progress,0.0,0
51,19.0,2.1882679743003153,5.012352614466056,157.46543761542426,29.45278423120152,3.983615491006737,[29.45278423120152 3.983615491006737],0.0,False,False,8.147811791617631,75,17.709159380834848,108.343,in_progress,0.0,0
51,20.0,2.073700300085392,5.047250021835904,159.9281023568516,-29.935054735246144,3.201623204325896,[-29.935054735246144 3.201623204325896],0.0,True,False,8.807895741649007,75,17.709159380834848,108.411,off_track,0.0,0
52,1.0,2.622735359258811,4.497913291891955,179.04998532057056,2.2767628946339755,2.370225467710366,[2.2767628946339755 2.370225467710366],0.0,False,True,0.7922442041181865,72,17.709159380834848,108.561,prepare,0.0,0
52,2.0,2.623036002067175,4.497829514428474,179.0787557474805,30.0,4.0,[30.0 4.0],2.0944758227578495,False,True,0.7905456002215816,72,17.709159380834848,108.624,in_progress,0.0,0
52,3.0,2.614362654291935,4.495354401073948,179.74971012060166,-7.625541893324737,1.0163826534654268,[-7.625541893324737 1.0163826534654268],1.189017492186688,False,True,0.8394943881937844,72,17.709159380834848,108.693,in_progress,0.0,0
52,4.0,2.5978471706522357,4.49660546108705,179.57357696860996,17.064828972033176,1.2496250253604846,[17.064828972033176 1.2496250253604846],1.2624693639148,False,True,0.9327677811935109,72,17.709159380834848,108.743,in_progress,0.0,0
52,5.0,2.5718944370108274,4.495256081113582,179.8603363652212,10.433675011720666,4.0,[10.433675011720666 4.0],2.0565219463887305,False,True,1.079302148855521,72,17.709159380834848,108.828,in_progress,0.0,0
52,6.0,2.517967249678072,4.4850333936227775,-177.7459711039275,30.0,2.192545651758338,[30.0 2.192545651758338],0.9026716266132281,False,True,1.3837027883183528,73,17.709159380834848,108.891,in_progress,0.0,0
52,7.0,2.468237914142662,4.463749859380548,-173.24589388399585,29.512907313742446,2.2732615581121824,[29.512907313742446 2.2732615581121824],0.9130042647709273,False,True,1.664275116680336,73,17.709159380834848,108.958,in_progress,0.0,0
52,8.0,2.408556828035581,4.42143801261978,-165.28390307799089,-30.0,3.477449170913579,[-30.0 3.477449170913579],1.1185371158781587,False,True,2.0174736146302163,73,17.709159380834848,109.018,in_progress,0.0,0
52,9.0,2.3407967135194725,4.374136544748204,-159.1125879911349,-21.639598927904746,3.050585890528842,[-21.639598927904746 3.050585890528842],1.1074284464064108,False,True,2.409649542757686,74,17.709159380834848,109.087,in_progress,0.0,0
52,10.0,2.2533197342423676,4.337833907780021,-158.52514744114796,-30.0,1.4637754752482974,[-30.0 1.4637754752482974],0.8979545529835187,False,True,2.907937349230283,74,17.709159380834848,109.15,in_progress,0.0,0
52,11.0,2.1603277445304245,4.318323979438093,-161.88212809055048,-24.631411063620256,4.0,[-24.631411063620256 4.0],1.8299919760270469,False,True,3.436431674753726,75,17.709159380834848,109.219,in_progress,0.0,0
52,12.0,2.0511449875034615,4.306658290657994,-166.80234618350548,30.0,1.0,[30.0 1.0],1.4451019129991718,False,True,4.04842927971737,76,17.709159380834848,109.286,in_progress,0.0,0
52,13.0,1.9449838426717148,4.302206832174157,-172.66245669402923,25.450712113387702,1.0,[25.450712113387702 1.0],1.7409926970585392,False,True,4.648584981036352,76,17.709159380834848,109.353,in_progress,0.0,0
52,14.0,1.8558433159326295,4.291927893014996,-174.24924299058677,13.297194680306312,1.2121588006140183,[13.297194680306312 1.2121588006140183],1.76346467618927,False,True,5.153339938656709,77,17.709159380834848,109.426,in_progress,0.0,0
52,15.0,1.7695331848782787,4.269191825526801,-171.27301332756673,-11.547760679082891,1.6720890359609186,[-11.547760679082891 1.6720890359609186],1.9478962131797886,False,True,5.650552517345431,78,17.709159380834848,109.493,in_progress,0.0,0
52,16.0,1.6790723862054964,4.250950544010391,-170.48780731501986,-23.070901271281322,2.5664348485865354,[-23.070901271281322 2.5664348485865354],2.1974105250346176,False,True,6.1749508915376445,78,17.709159380834848,109.554,in_progress,0.0,0
52,17.0,1.58374001324541,4.244525625158496,-172.580300709047,30.0,2.273766599784237,[30.0 2.273766599784237],1.7719511905222185,False,True,6.714309969757104,79,17.709159380834848,109.617,in_progress,0.0,0
52,18.0,1.4811677094557547,4.240170430665845,-174.74288001909477,-0.703310040589102,3.3346082334100657,[-0.703310040589102 3.3346082334100657],1.9594925723581176,False,True,7.3311056553223,79,17.709159380834848,109.678,in_progress,0.0,0
52,19.0,1.3656874654951787,4.219950496493069,-172.76921973222227,10.057342897909287,1.4184744398494997,[10.057342897909287 1.4184744398494997],1.1349783236703295,False,True,8.248426633178795,81,17.709159380834848,109.75,in_progress,0.0,0
52,20.0,1.2566478335426776,4.190173665414818,-169.24345455730347,9.004583922801693,1.0,[9.004583922801693 1.0],0.8619750067428064,False,True,9.179167675802235,82,17.709159380834848,109.808,in_progress,0.0,0
52,21.0,1.1647815791834726,4.15663939396865,-165.8398282760268,-8.755387205064679,2.272743372527985,[-8.755387205064679 2.272743372527985],1.2476200766576988,False,True,9.907081876364876,83,17.709159380834848,109.885,in_progress,0.0,0
52,22.0,1.0550375432032715,4.113782629321011,-162.85894267261395,3.6190896387172273,2.257171496017779,[3.6190896387172273 2.257171496017779],1.242668989467862,False,True,10.65576071227855,83,17.709159380834848,109.949,in_progress,0.0,0
52,23.0,0.9530756917802559,4.081949547245839,-162.84353794506862,-30.0,4.0,[-30.0 4.0],1.7169965942954448,False,True,11.245483378763744,84,17.709159380834848,110.02,in_progress,0.0,0
52,24.0,0.8177499841003099,4.048189659373302,-164.66741154465151,-30.0,1.0,[-30.0 1.0],0.7945833012400831,False,True,11.829535661165691,85,17.709159380834848,110.088,in_progress,0.0,0
52,25.0,0.6995791394364776,4.040198847819071,-170.7771499895446,4.12411444270554,2.601601671665726,[4.12411444270554 2.601601671665726],1.2263483671593653,False,True,12.12641778570136,85,17.709159380834848,110.155,in_progress,0.0,0
52,26.0,0.5746768210996515,4.02874743963774,-173.31924110271245,-4.979616443789546,2.6028793003166126,[-4.979616443789546 2.6028793003166126],1.2266927945088304,False,True,12.46541507110599,85,17.709159380834848,110.218,in_progress,0.0,0
52,27.0,0.4364770572983606,4.012752530301915,-173.47921183514887,16.532532371399057,1.8541835014899404,[16.532532371399057 1.8541835014899404],0.9808933793617697,False,True,12.857736437041611,86,17.709159380834848,110.279,in_progress,0.0,0
52,28.0,0.3100907711554689,4.002948711632196,-174.52145100788357,14.74061127169476,4.0,[14.74061127169476 4.0],0.0,False,False,12.910841910128234,86,17.709159380834848,110.347,in_progress,0.0,0
52,29.0,0.16798579849684786,3.978357478461733,-172.18601397145784,30.0,3.330044954593312,[30.0 3.330044954593312],0.0,False,False,12.999008713282123,86,17.709159380834848,110.418,in_progress,0.0,0
52,30.0,-0.0003599976275499017,3.925558584400206,-166.3309612274854,-13.179116253058446,2.351238315845225,[-13.179116253058446 2.351238315845225],0.0,True,False,13.491961070501679,87,17.709159380834848,110.492,off_track,0.0,0
53,1.0,1.73769967142726,4.4772844491464925,-178.4802121502799,23.92314886944719,1.0,[23.92314886944719 1.0],0.0,False,True,0.7916402314445015,78,17.709159380834848,110.617,prepare,0.0,0
53,2.0,1.737903177459987,4.4770115602473215,-178.43605380624246,24.549851331544495,3.2902919503520724,[24.549851331544495 3.2902919503520724],1.910599210790331,False,True,0.7905422774273863,78,17.709159380834848,110.692,in_progress,0.0,0
53,3.0,1.7279052696344506,4.483435181687873,179.82481131122842,6.598395019922201,4.0,[6.598395019922201 4.0],1.344336337566571,False,True,0.8457772876668934,78,17.709159380834848,110.752,in_progress,0.0,0
53,4.0,1.7058777105653837,4.487319519878171,178.76524964349832,-19.699179374910543,4.0,[-19.699179374910543 4.0],1.344336337566571,False,True,0.9693753586390463,78,17.709159380834848,110.818,in_progress,0.0,0
53,5.0,1.6690531326059836,4.5017979525490235,175.38606153435074,-3.7879772393188347,1.7261882333130814,[-3.7879772393188347 1.7261882333130814],0.8785821862583123,False,True,1.173220361935945,78,17.709159380834848,110.891,in_progress,0.0,0
53,6.0,1.6148198590714662,4.51925948970716,172.40184934545167,-4.31423438216023,2.5358231679861123,[-4.31423438216023 2.5358231679861123],1.0957273543792292,False,True,1.4751499819377734,78,17.709159380834848,110.953,in_progress,0.0,0
53,7.0,1.5551614915060437,4.540675944754483,169.3760664351858,9.583292406855954,2.028926023398922,[9.583292406855954 2.028926023398922],0.981642086161419,False,True,1.8067695459059063,79,17.709159380834848,111.03,in_progress,0.0,0
53,8.0,1.4712840409057442,4.564246245131403,167.68033525569885,30.0,1.9769676132322216,[30.0 1.9769676132322216],1.0178338067174342,False,True,2.2581692021513833,79,17.709159380834848,111.091,in_progress,0.0,0
53,9.0,1.3837474042973776,4.5764308222518855,169.1614251344334,30.0,4.0,[30.0 4.0],1.522150997150997,False,True,2.746413014162896,80,17.709159380834848,111.154,in_progress,0.0,0
53,10.0,1.284904189759471,4.575922909160424,173.37135583056047,30.0,3.902859639106305,[30.0 3.902859639106305],1.622894931431608,False,True,3.153784721664843,80,17.709159380834848,111.211,in_progress,0.0,0
53,11.0,1.178330447801894,4.5592682975253345,179.65792356899485,1.649380351504238,4.0,[1.649380351504238 4.0],1.6502210255585918,False,True,3.616335803909543,81,17.709159380834848,111.289,in_progress,0.0,0
53,12.0,1.0303118074373863,4.537640049948644,-175.50573397472726,14.752959677010558,1.0,[14.752959677010558 1.0],0.836028170265707,False,True,4.338614194731861,82,17.709159380834848,111.352,in_progress,0.0,0
53,13.0,0.9125345127394962,4.5246784821228125,-174.21707393388056,-30.0,3.0570522311367747,[-30.0 3.0570522311367747],1.4969915342458857,False,True,4.6980182904935885,82,17.709159380834848,111.429,in_progress,0.0,0
53,14.0,0.7669405385745723,4.509040417728524,-174.35412168974318,30.0,2.350837586653309,[30.0 2.350837586653309],1.2724501774424581,False,True,5.3085782326595226,83,17.709159380834848,111.498,in_progress,0.0,0
53,15.0,0.6230486714806815,4.50607445421721,-176.56429750601464,-4.122879791633139,4.0,[-4.122879791633139 4.0],0.0,False,False,5.665690332059103,83,17.709159380834848,111.563,in_progress,0.0,0
53,16.0,0.49174003844186054,4.500710350154628,-177.39452831749068,30.0,3.3808728773250434,[30.0 3.3808728773250434],0.0,False,False,6.182856350201549,84,17.709159380834848,111.621,in_progress,0.0,0
53,17.0,0.3624475756617038,4.498623707011502,-178.16335529663291,-27.340684433857803,2.9154305968849084,[-27.340684433857803 2.9154305968849084],0.0,True,False,6.182856350201549,84,17.709159380834848,111.67,off_track,0.0,0
54,1.0,0.9301667717699356,4.196616517040774,-140.83390735291502,-19.408357218758113,3.8443046837592862,[-19.408357218758113 3.8443046837592862],0.0,False,True,0.7860404711133584,84,17.709159380834848,111.82,prepare,0.0,0
54,2.0,0.9303516084952953,4.196605505087847,-140.8142530952793,9.663898129533983,2.2502579397753273,[9.663898129533983 2.2502579397753273],1.5601462539403834,False,True,0.7853823777318802,84,17.709159380834848,111.886,in_progress,0.0,0
54,3.0,0.9210867255773005,4.194265147230591,-141.77300606008026,-11.601886615668672,2.9634607406511693,[-11.601886615668672 2.9634607406511693],1.7834877065693768,False,True,0.8304268715037533,84,17.709159380834848,111.943,in_progress,0.0,0
54,4.0,0.8970603126398338,4.183779822777474,-143.4560557212055,17.862334599139047,4.0,[17.862334599139047 4.0],2.0591283767363295,False,True,0.9656500475648366,84,17.709159380834848,112.037,in_progress,0.0,0
54,5.0,0.8508984478565722,4.157908545310113,-144.7165534209508,-14.481438863491764,1.6539996381239126,[-14.481438863491764 1.6539996381239126],1.1693952000212713,False,True,1.210755638533556,84,17.709159380834848,112.075,in_progress,0.0,0
54,6.0,0.8264254483636169,4.141900650173582,-144.79624968403792,30.0,2.331808951628157,[30.0 2.331808951628157],1.3975570741734726,False,True,1.3628137150788033,84,17.709159380834848,112.154,in_progress,0.0,0
54,7.0,0.7655577399459303,4.101319482213263,-144.97215305230856,-30.0,4.0,[-30.0 4.0],1.6033332049603324,False,True,1.7446011999384448,85,17.709159380834848,112.219,in_progress,0.0,0
54,8.0,0.7073108635683641,4.056679476790989,-144.579701990379,25.416840141872314,4.0,[25.416840141872314 4.0],1.6033332049603324,False,True,2.0645496500009686,85,17.709159380834848,112.287,in_progress,0.0,0
54,9.0,0.6292426170889417,4.00138348729243,-144.4717878021353,30.0,2.910968429165134,[30.0 2.910968429165134],1.309748478939996,False,True,2.48510756376058,85,17.709159380834848,112.364,in_progress,0.0,0
54,10.0,0.5603562514269688,3.915050961331333,-137.98444316879346,30.0,3.64669350685056,[30.0 3.64669350685056],1.4216229205463267,False,True,2.9108419101282257,86,17.709159380834848,112.423,in_progress,0.0,0
54,11.0,0.5089173033048312,3.8233897897979836,-130.40263532244276,20.275310712809834,1.5025417938066494,[20.275310712809834 1.5025417938066494],0.8635192325924218,False,True,3.4459226359477513,87,17.709159380834848,112.493,in_progress,0.0,0
54,12.0,0.4608164782242008,3.7041424687348847,-120.17532674811261,10.092505931734948,1.352021583566474,[10.092505931734948 1.352021583566474],1.1179846453504907,False,True,3.9259477262379994,87,17.709159380834848,112.557,in_progress,0.0,0
54,13.0,0.4305945879810375,3.6059708194778044,-112.69585045139328,-8.828201256664475,1.0,[-8.828201256664475 1.0],1.0667023559491997,False,True,4.487518036484195,88,17.709159380834848,112.619,in_progress,0.0,0
54,14.0,0.3952500925840294,3.511756202214298,-108.30324548040535,-9.616087423589207,1.7953777094724335,[-9.616087423589207 1.7953777094724335],1.2757214267179111,False,True,4.856810284922963,88,17.709159380834848,112.702,in_progress,0.0,0
54,15.0,0.3416606973129589,3.414322219957669,-110.92325640992237,8.077011917947722,4.0,[8.077011917947722 4.0],0.0,False,False,5.390687209493783,89,17.709159380834848,112.755,in_progress,0.0,0
54,16.0,0.2927746982114353,3.334700742483775,-114.68496059081002,30.0,1.7409373550860217,[30.0 1.7409373550860217],0.0,False,False,5.5986923704025475,89,17.709159380834848,112.817,in_progress,0.0,0
54,17.0,0.24909058842136297,3.2328070664619664,-114.33149508153758,-11.010313248810196,1.5537645983726396,[-11.010313248810196 1.5537645983726396],0.0,False,False,6.1323181122234,90,17.709159380834848,112.879,in_progress,0.0,0
54,18.0,0.20984260764447446,3.1252742804185916,-112.65933579212191,0.5478510320032335,3.281384636834045,[0.5478510320032335 3.281384636834045],0.0,False,False,6.413566480677879,90,17.709159380834848,112.962,in_progress,0.0,0
54,19.0,0.1525440446288907,3.0034628423234597,-113.90268457306577,-30.0,1.5408164077598456,[-30.0 1.5408164077598456],0.0,True,False,7.005486508760828,91,17.709159380834848,113.016,off_track,0.0,0
55,1.0,0.7180009459149429,3.3625714734745555,-87.07441091775527,0.7984904039793044,2.1179363075991784,[0.7984904039793044 2.1179363075991784],0.0,False,True,0.7903996658920054,89,17.709159380834848,113.144,prepare,0.0,0
55,2.0,0.7180821909870871,3.362825209256963,-87.04823796134707,30.0,1.7631415116760007,[30.0 1.7631415116760007],1.4425241470549908,False,True,0.7890483310219576,89,17.709159380834848,113.226,in_progress,0.0,0
55,3.0,0.7189475944135931,3.352938585005493,-87.09566263936685,0.10957966776878081,2.902180633451773,[0.10957966776878081 2.902180633451773],1.807661242282044,False,True,0.8449956576287332,89,17.709159380834848,113.28,in_progress,0.0,0
55,4.0,0.7201145185562349,3.3346102260550525,-87.17785162916212,-21.088858551140657,3.42949253660957,[-21.088858551140657 3.42949253660957],1.979813067445195,False,True,0.9483564545239354,90,17.709159380834848,113.356,in_progress,0.0,0
55,5.0,0.7083567479469883,3.300581739301664,-90.39439157858624,30.0,1.0,[30.0 1.0],1.3673938737918256,False,True,1.1288795747846692,90,17.709159380834848,113.426,in_progress,0.0,0
55,6.0,0.6898101742578966,3.259141691355049,-94.86299905541884,2.203195199632802,1.6209429441440795,[2.203195199632802 1.6209429441440795],1.512492671963254,False,True,1.3194259321894775,90,17.709159380834848,113.487,in_progress,0.0,0
55,7.0,0.6803874791553713,3.207642315733211,-96.10718419647041,-3.0172802149536366,3.340898084384796,[-3.0172802149536366 3.340898084384796],2.0209719009354448,False,True,1.5894265051202061,90,17.709159380834848,113.547,in_progress,0.0,0
55,8.0,0.6700625404361471,3.1496183166513076,-97.04788068493107,27.08975002491981,4.0,[27.08975002491981 4.0],1.955401280666044,False,True,1.8940233159779885,91,17.709159380834848,113.619,in_progress,0.0,0
55,9.0,0.6621163472876449,3.066130475069242,-96.421370499317,21.323295844417743,2.788406916169864,[21.323295844417743 2.788406916169864],1.651677772450601,False,True,2.316984156742119,91,17.709159380834848,113.686,in_progress,0.0,0
55,10.0,0.6775148860345174,2.9711142747935515,-90.715519102177,-30.0,3.3289553976990445,[-30.0 3.3289553976990445],1.9189246334849035,False,True,2.8570341902193874,92,17.709159380834848,113.749,in_progress,0.0,0
55,11.0,0.6967771188716231,2.8694118036653276,-85.55016814507302,-4.411001274702617,3.5852590569051137,[-4.411001274702617 3.5852590569051137],2.1295354696442272,False,True,3.462314756650431,93,17.709159380834848,113.824,in_progress,0.0,0
55,12.0,0.6991552930303314,2.7531423270908997,-86.70963739619076,30.0,3.776670435958356,[30.0 3.776670435958356],2.1336997750680404,False,True,4.12958295830691,93,17.709159380834848,113.891,in_progress,0.0,0
55,13.0,0.7097731770497767,2.622747865869354,-85.96863375145301,-30.0,2.973513471016392,[-30.0 2.973513471016392],1.8473002085646169,False,True,4.874233817493545,94,17.709159380834848,113.962,in_progress,0.0,0
55,14.0,0.7272214312483992,2.4867334012009423,-84.40771202778494,-14.032781977952387,4.0,[-14.032781977952387 4.0],2.107900613033943,False,True,5.646024424902341,95,17.709159380834848,114.026,in_progress,0.0,0
55,15.0,0.7311104688015905,2.350771786048267,-86.34127012161767,-12.676874338396132,3.4154317878704483,[-12.676874338396132 3.4154317878704483],1.7724808523469893,False,True,6.402324032582829,96,17.709159380834848,114.079,in_progress,0.0,0
55,16.0,0.7193536097497749,2.212628508409763,-90.69420775139855,10.919569077352804,1.2341392222467769,[10.919569077352804 1.2341392222467769],1.0507302110226782,False,True,7.152702202805927,97,17.709159380834848,114.156,in_progress,0.0,0
55,17.0,0.7065387948762106,2.0469110709994234,-94.42374861781684,-7.996457964522577,1.0,[-7.996457964522577 1.0],0.8665054033643608,False,True,8.054287571973372,98,17.709159380834848,114.222,in_progress,0.0,0
55,18.0,0.6916681885124744,1.9019941193328063,-96.09209034106865,-7.780411431002495,3.843637383508315,[-7.780411431002495 3.843637383508315],0.0,False,False,8.838480238709788,99,17.709159380834848,114.296,in_progress,0.0,0
55,19.0,0.664529223681897,1.7672276070362452,-98.75295753097575,-28.946095816375426,2.8967495557980794,[-28.946095816375426 2.8967495557980794],0.0,False,False,9.553226002596983,100,17.709159380834848,114.359,in_progress,0.0,0
55,20.0,0.6277304805628418,1.6456163247500268,-102.50086063085743,-30.0,3.5618002794712362,[-30.0 3.5618002794712362],0.0,False,False,10.182204929592654,100,17.709159380834848,114.428,in_progress,0.0,0
55,21.0,0.5605537735233508,1.4934570057090255,-109.265533694548,22.759848971281002,1.0,[22.759848971281002 1.0],0.0,False,False,10.938745782137005,101,17.709159380834848,114.487,in_progress,0.0,0
55,22.0,0.4918475411531365,1.373943445287931,-116.49146283811842,16.393425157929173,1.0,[16.393425157929173 1.0],0.0,True,False,11.495667173577196,102,17.709159380834848,114.558,off_track,0.0,0
56,1.0,0.9213286810125276,2.5007022290589505,-78.29587488064128,-3.0451850838080894,1.0475108896929546,[-3.0451850838080894 1.0475108896929546],0.0,False,True,0.7912069139776601,95,17.709159380834848,114.698,prepare,0.0,0
56,2.0,0.9211962625833426,2.5007933490945184,-78.30704819935745,29.50944953545187,3.031608610810086,[29.50944953545187 3.031608610810086],2.306250899844805,False,True,0.7905513493415839,95,17.709159380834848,114.763,in_progress,0.0,0
56,3.0,0.9215142498643493,2.4913446560146744,-78.69130577783478,-22.173132830053923,3.564304385645187,[-22.173132830053923 3.564304385645187],2.482014447377297,False,True,0.8431604941585458,95,17.709159380834848,114.828,in_progress,0.0,0
56,4.0,0.924691963456356,2.4643719874217416,-79.55072775575861,7.457744473577947,1.2259003838584936,[7.457744473577947 1.2259003838584936],1.6736442364439983,False,True,0.9959420292277366,96,17.709159380834848,114.897,in_progress,0.0,0
56,5.0,0.9326467621889247,2.4291291644848023,-79.39218469186743,26.81043922174969,3.458313144172511,[26.81043922174969 3.458313144172511],2.3113953189978265,False,True,1.1999257199107882,96,17.709159380834848,114.965,in_progress,0.0,0
56,6.0,0.9538839219502054,2.381665259092091,-76.38615995642677,-30.0,1.757310372526758,[-30.0 1.757310372526758],1.9630385180898962,False,True,1.4867008759157363,96,17.709159380834848,115.023,in_progress,0.0,0
56,7.0,0.979136973699042,2.3370477977028474,-72.91575056993378,13.528327226957401,3.925265420039875,[13.528327226957401 3.925265420039875],2.4842944456325324,False,True,1.7623363156777372,96,17.709159380834848,115.08,in_progress,0.0,0
56,8.0,1.0084330226093143,2.2766027723742774,-70.17703250700085,-19.48302602482658,4.0,[-19.48302602482658 4.0],2.5165239315078693,False,True,2.1301197853545784,97,17.709159380834848,115.153,in_progress,0.0,0
56,9.0,1.048171652053747,2.2052576147282106,-67.20372462413204,-30.0,1.0,[-30.0 1.0],1.6960684063223852,False,True,2.570147097784392,97,17.709159380834848,115.225,in_progress,0.0,0
56,10.0,1.0722867549343698,2.1235720036867285,-68.88736937895457,-14.082673541602073,1.8040593009082695,[-14.082673541602073 1.8040593009082695],1.908809971967679,False,True,3.049443868076196,98,17.709159380834848,115.285,in_progress,0.0,0
56,11.0,1.088653853290492,2.041400606989096,-72.06390077068252,-30.0,1.6847186753330003,[-30.0 1.6847186753330003],1.9498665962920634,False,True,3.522563164910686,99,17.709159380834848,115.358,in_progress,0.0,0
56,12.0,1.0962352449152297,1.941932193145071,-77.16365782688163,-30.0,3.4230437395311433,[-30.0 3.4230437395311433],2.163917576526648,False,True,4.0811435261056905,99,17.709159380834848,115.43,in_progress,0.0,0
56,13.0,1.0918382843090737,1.829915919903477,-83.54124701226151,21.34604416972764,2.8858001128203083,[21.34604416972764 2.8858001128203083],1.492897662469035,False,True,4.695523138428714,100,17.709159380834848,115.482,in_progress,0.0,0
56,14.0,1.0887304868737324,1.7488421987584823,-86.66161727990094,-23.078449751434682,3.0645639834155407,[-23.078449751434682 3.0645639834155407],1.1961066063083527,False,True,5.140310896178835,100,17.709159380834848,115.561,in_progress,0.0,0
56,15.0,1.0844718149321166,1.59806429027674,-89.65988374687579,-7.105288352954208,2.1193519971519628,[-7.105288352954208 2.1193519971519628],0.8921054137400707,False,True,5.968760114809502,101,17.709159380834848,115.625,in_progress,0.0,0
56,16.0,1.0721848533457066,1.4815306537882167,-92.6311867381694,-7.944157150156386,4.0,[-7.944157150156386 4.0],1.2178635058893397,False,True,6.596309348637885,102,17.709159380834848,115.684,in_progress,0.0,0
56,17.0,1.0571050756323068,1.3466017833351758,-94.44370181670385,-15.215918827243163,4.0,[-15.215918827243163 4.0],1.2859522774214587,False,True,7.303714106113846,103,17.709159380834848,115.758,in_progress,0.0,0
56,18.0,1.02671163946641,1.1882831717823996,-98.16655743965862,30.0,3.008038869081357,[30.0 3.008038869081357],1.1581570869488063,False,True,8.093423743337535,104,17.709159380834848,115.822,in_progress,0.0,0
56,19.0,0.998715035978905,1.0410430067174499,-99.54147297733583,13.158449260021705,4.0,[13.158449260021705 4.0],1.3669533317296125,False,True,8.722011504064008,105,17.709159380834848,115.885,in_progress,0.0,0
56,20.0,0.9781815560210156,0.8652305693648451,-97.93602930356035,-23.30617491897967,3.93035332488304,[-23.30617491897967 3.93035332488304],1.450348892579755,False,True,9.12011106567715,105,17.709159380834848,115.967,in_progress,0.0,0
56,21.0,0.9507321683601144,0.6669617930573137,-97.90293765307402,-9.291857075884096,4.0,[-9.291857075884096 4.0],0.0,False,False,9.833978197712668,106,17.709159380834848,116.02,in_progress,0.0,0
56,22.0,0.9118810838419272,0.5052928899237302,-101.23470495665019,3.7679164110113206,1.517044661670507,[3.7679164110113206 1.517044661670507],0.0,True,False,10.149901817255301,106,17.709159380834848,116.085,off_track,0.0,0
57,1.0,1.1008258404450801,1.6335869566679293,-78.28925101142868,-7.37845624242631,1.0,[-7.37845624242631 1.0],0.0,False,True,0.7914356253791444,101,17.709159380834848,116.216,prepare,0.0,0
57,2.0,1.100875049211882,1.6337574039001486,-78.27851755465018,9.183564606791492,3.7318942184635353,[9.183564606791492 3.7318942184635353],1.662345391439182,False,True,0.7905508113053128,101,17.709159380834848,116.286,in_progress,0.0,0
57,3.0,1.1028704617474063,1.6207908001347617,-78.36660643673405,30.0,1.0,[30.0 1.0],0.9539066197714466,False,True,0.8645231720945223,101,17.709159380834848,116.368,in_progress,0.0,0
57,4.0,1.113483251471497,1.6036837045508114,-76.95964725921168,30.0,4.0,[30.0 4.0],1.7281508841002278,False,True,0.9713787688566455,101,17.709159380834848,116.429,in_progress,0.0,0
57,5.0,1.1339295048161027,1.5809318106675305,-73.3285876439104,30.0,1.0,[30.0 1.0],1.094971145970509,False,True,1.12084221272869,102,17.709159380834848,116.499,in_progress,0.0,0
57,6.0,1.1704168794889143,1.5476083419552678,-67.88358075428079,-2.651659778213311,3.1991171796349804,[-2.651659778213311 3.1991171796349804],1.9479396857060425,False,True,1.3473450279419708,102,17.709159380834848,116.564,in_progress,0.0,0
57,7.0,1.207754365940181,1.5032011110971562,-63.82953155674714,-30.0,2.079528034643819,[-30.0 2.079528034643819],1.7224519484873058,False,True,1.6389274553472943,102,17.709159380834848,116.625,in_progress,0.0,0
57,8.0,1.2319955158176326,1.4500707779386266,-63.902167906628755,-30.0,2.251485727768874,[-30.0 2.251485727768874],1.7694936630023348,False,True,1.9611357303184418,103,17.709159380834848,116.68,in_progress,0.0,0
57,9.0,1.2456905122558755,1.388421949052176,-67.28813765272382,-5.841383881548179,3.527562613713576,[-5.841383881548179 3.527562613713576],1.99455656821043,False,True,2.3528539870401044,103,17.709159380834848,116.754,in_progress,0.0,0
57,10.0,1.2623813590179829,1.2854498540850172,-72.51157665348059,30.0,2.4054965604198375,[30.0 2.4054965604198375],1.3337733297461292,False,True,2.9375368882970765,104,17.709159380834848,116.806,in_progress,0.0,0
57,11.0,1.2884867409353513,1.1878551991762052,-73.53965423780565,15.347625460767176,1.0,[15.347625460767176 1.0],0.7990438022483259,False,True,3.544238034204239,104,17.709159380834848,116.886,in_progress,0.0,0
57,12.0,1.3301896054821156,1.1056865567785017,-69.84357885380419,-0.6979296613418526,3.9310775113622425,[-0.6979296613418526 3.9310775113622425],1.7386111770714634,False,True,4.167856275810012,105,17.709159380834848,116.944,in_progress,0.0,0
57,13.0,1.3800805705907224,1.0207133190939404,-66.07386322385592,-3.052614380914779,2.794519762230494,[-3.052614380914779 2.794519762230494],1.395609389896075,False,True,4.7221112896892015,106,17.709159380834848,117.021,in_progress,0.0,0
57,14.0,1.4320111574245693,0.9199458436849665,-64.67080169650421,-23.255766284971195,4.0,[-23.255766284971195 4.0],1.5786614736208324,False,True,5.38347720511636,107,17.709159380834848,117.083,in_progress,0.0,0
57,15.0,1.4820506100351174,0.8087693254540306,-65.33135887366467,-20.80155546159579,1.7983905374353257,[-20.80155546159579 1.7983905374353257],0.9987237059549665,False,True,6.015792033243816,107,17.709159380834848,117.163,in_progress,0.0,0
57,16.0,1.5253845938536357,0.672407706806596,-68.84682139159048,30.0,3.9790012555902443,[30.0 3.9790012555902443],1.4388126243153447,False,True,6.524182352757746,108,17.709159380834848,117.227,in_progress,0.0,0
57,17.0,1.5637360325862275,0.5494199789159953,-70.18567184712055,-1.6137425009589847,3.916745580642414,[-1.6137425009589847 3.916745580642414],1.3449909996559666,False,True,6.905938305311487,108,17.709159380834848,117.285,in_progress,0.0,0
57,18.0,1.6119082970835383,0.4292058472221696,-69.36829154622242,-12.374120923107704,2.23732342609396,[-12.374120923107704 2.23732342609396],0.9933952620725481,False,True,7.371672261628648,109,17.709159380834848,117.356,in_progress,0.0,0
57,19.0,1.6613978041248911,0.2819340757813059,-70.62665952195752,-30.0,4.0,[-30.0 4.0],0.0,False,False,7.6107550501771986,109,17.709159380834848,117.427,in_progress,0.0,0
57,20.0,1.695704252337105,0.11917094475724041,-75.14562380475611,27.9183443864004,3.0019459685603307,[27.9183443864004 3.0019459685603307],0.0,False,False,7.9897563516415975,110,17.709159380834848,117.488,in_progress,0.0,0
57,21.0,1.7228868946708396,-0.03473012805783504,-78.40032956573663,0.5597808095485561,2.4600902360844943,[0.5597808095485561 2.4600902360844943],0.0,True,False,8.227168125475337,110,17.709159380834848,117.559,off_track,0.0,0
58,1.0,1.4531395358909733,0.8417514184458743,-47.87937740220112,-27.201510237360758,2.2743757335940917,[-27.201510237360758 2.2743757335940917],0.0,False,True,0.7844427229244388,107,17.709159380834848,117.689,prepare,0.0,0
58,2.0,1.4541039497444774,0.8415015229888816,-47.76031413347269,-6.2982329484521,2.3959283844580233,[-6.2982329484521 2.3959283844580233],1.7372288028051017,False,True,0.789917030125431,107,17.709159380834848,117.757,in_progress,0.0,0
58,3.0,1.457411680175439,0.835833502656184,-48.090917960423546,-13.26393454122308,1.9907870567886563,[-13.26393454122308 1.9907870567886563],1.5629898188887674,False,True,0.8213833190876874,107,17.709159380834848,117.824,in_progress,0.0,0
58,4.0,1.4710282579364236,0.815869887390139,-48.90194527652047,-11.604898344509369,1.5289865807526386,[-11.604898344509369 1.5289865807526386],1.3517128584535594,False,True,0.9420294011741048,107,17.709159380834848,117.897,in_progress,0.0,0
58,5.0,1.4958263376776102,0.7855087096954005,-49.24858721902529,-3.8378334997208867,2.8782464215319425,[-3.8378334997208867 2.8782464215319425],1.4304812774808187,False,True,1.1459297664369705,108,17.709159380834848,117.959,in_progress,0.0,0
58,6.0,1.5285205656690286,0.744029433195407,-49.7954404836958,0.056516669412914666,4.0,[0.056516669412914666 4.0],1.709625500310259,False,True,1.4185820116186965,108,17.709159380834848,118.03,in_progress,0.0,0
58,7.0,1.5755813870179471,0.6931263800624172,-49.04284615871585,-16.653181299417955,3.505061961289469,[-16.653181299417955 3.505061961289469],1.6150525271394374,False,True,1.7108389910624022,108,17.709159380834848,118.096,in_progress,0.0,0
58,8.0,1.6234824595392665,0.6236573121680089,-51.07393738554411,30.0,1.0,[30.0 1.0],0.7343551860270366,False,True,2.0921979773533717,109,17.709159380834848,118.149,in_progress,0.0,0
58,9.0,1.6585208729484155,0.559590079862624,-54.91809299680951,16.403297429016817,1.0142502183006692,[16.403297429016817 1.0142502183006692],0.7373385431302991,False,True,2.3716722616286434,109,17.709159380834848,118.221,in_progress,0.0,0
58,10.0,1.7077769986327052,0.4925721390147194,-54.64298289528622,-22.624893291273597,2.2613818453071657,[-22.624893291273597 2.2613818453071657],0.9984320169024453,False,True,2.6218643802306763,109,17.709159380834848,118.274,in_progress,0.0,0
58,11.0,1.7541214172571657,0.4306553350484815,-54.37348928240113,18.71747305392484,2.450701364568385,[18.71747305392484 2.450701364568385],0.9987878245685675,False,True,2.9500073024515405,110,17.709159380834848,118.358,in_progress,0.0,0
58,12.0,1.8202057325077927,0.34359199528727374,-53.656296327581586,30.0,1.0,[30.0 1.0],0.0,False,False,3.282970265132412,110,17.709159380834848,118.424,in_progress,0.0,0
58,13.0,1.8904381379025026,0.27587179803403017,-50.14617379226141,30.0,1.0,[30.0 1.0],0.0,False,False,3.72997954592702,111,17.709159380834848,118.494,in_progress,0.0,0
58,14.0,1.9590906663639245,0.22225733998819303,-45.98888024262301,-25.07504276213587,1.0,[-25.07504276213587 1.0],0.0,False,False,4.077097631741444,111,17.709159380834848,118.56,in_progress,0.0,0
58,15.0,2.0238612759343173,0.16764019816525216,-44.182614687739154,30.0,1.332599284473884,[30.0 1.332599284473884],0.0,False,False,4.383969927530584,111,17.709159380834848,118.627,in_progress,0.0,0
58,16.0,2.0775433094039055,0.11784001402129567,-43.832517024696806,30.0,1.1730062749495411,[30.0 1.1730062749495411],0.0,False,False,4.708927709993604,112,17.709159380834848,118.689,in_progress,0.0,0
58,17.0,2.142203723297323,0.07716815346883699,-40.44133853256419,30.0,4.0,[30.0 4.0],0.0,True,False,4.9230522594617465,112,17.709159380834848,118.756,off_track,0.0,0
59,1.0,2.3145019010363397,0.6706955472220545,-1.1244862287951698,30.0,1.979170375631473,[30.0 1.979170375631473],0.0,False,True,0.7907275025082705,113,17.709159380834848,118.895,prepare,0.0,0
59,2.0,2.314461313881166,0.6707960759928493,-1.1041583585924633,-7.1737586814253405,2.5328430705174183,[-7.1737586814253405 2.5328430705174183],1.5230183899546437,False,True,0.7905183955890571,113,17.709159380834848,118.949,in_progress,0.0,0
59,3.0,2.320469028681347,0.6690909532066239,-1.513966321959322,23.198467771845415,4.0,[23.198467771845415 4.0],1.9154934568311048,False,True,0.8240836021612075,113,17.709159380834848,119.02,in_progress,0.0,0
59,4.0,2.3430252473151816,0.6719991160128105,-0.6902863901519701,-10.160335566680772,3.2562839855122845,[-10.160335566680772 3.2562839855122845],1.6942726377628894,False,True,0.9519521682626819,113,17.709159380834848,119.089,in_progress,0.0,0
59,5.0,2.3819256532992434,0.6785910334679208,0.9741658804749336,28.99592248725257,4.0,[28.99592248725257 4.0],1.8364547950586732,False,True,1.1727867079347476,113,17.709159380834848,119.155,in_progress,0.0,0
59,6.0,2.4302586558930974,0.6886330066195309,3.1860837576194863,30.0,4.0,[30.0 4.0],1.9174682241356364,False,True,1.447536612881073,114,17.709159380834848,119.231,in_progress,0.0,0
59,7.0,2.494045497829106,0.7268956341880769,11.043180585705892,-21.839884210472995,1.7816632466873323,[-21.839884210472995 1.7816632466873323],1.211474980289361,False,True,1.8140839428286704,114,17.709159380834848,119.29,in_progress,0.0,0
59,8.0,2.5525198764604156,0.7647971024132575,17.2260099874881,30.0,1.8483397494717555,[30.0 1.8483397494717555],1.027412150745292,False,True,2.150858369337205,115,17.709159380834848,119.356,in_progress,0.0,0
59,9.0,2.624901961815861,0.8091993540870377,22.05183298699891,22.798238505934968,1.0,[22.798238505934968 1.0],0.8884563468618949,False,True,2.555839642046087,115,17.709159380834848,119.428,in_progress,0.0,0
59,10.0,2.687830272780125,0.8625155386679076,27.758604034141122,11.028614912193078,3.4275094335849134,[11.028614912193078 3.4275094335849134],1.1096590823382768,False,True,2.9158605882909416,116,17.709159380834848,119.498,in_progress,0.0,0
59,11.0,2.7500060917320277,0.9302837043221046,34.58215518461536,23.925698633411407,1.0,[23.925698633411407 1.0],0.84575,False,True,3.2729126650819285,116,17.709159380834848,119.559,in_progress,0.0,0
59,12.0,2.8018396908643317,1.0023018607697196,41.27770025028894,-8.584836807095524,2.1944162031529673,[-8.584836807095524 2.1944162031529673],0.9367581527958774,False,True,3.543387081235816,116,17.709159380834848,119.628,in_progress,0.0,0
59,13.0,2.850153850605088,1.0709726937036648,45.55310944726392,20.525455931392727,2.7994923733068724,[20.525455931392727 2.7994923733068724],0.0,False,False,3.8161354085739507,117,17.709159380834848,119.706,in_progress,0.0,0
59,14.0,2.9172828654432252,1.1650438089848243,49.597357841994985,-30.0,2.617693587379261,[-30.0 2.617693587379261],0.0,False,False,4.185844242590065,117,17.709159380834848,119.754,in_progress,0.0,0
59,15.0,2.9701728883644374,1.2482410504027999,52.72647192436262,-7.446523359930858,2.045435261123397,[-7.446523359930858 2.045435261123397],0.0,False,False,4.482816212054508,117,17.709159380834848,119.826,in_progress,0.0,0
59,16.0,3.047983119136377,1.3392188403141183,51.28035696720861,-28.909194583952537,1.8882578760916324,[-28.909194583952537 1.8882578760916324],0.0,True,False,4.9203489883575475,118,17.709159380834848,119.883,off_track,0.0,0
